bioguide_id,full_name,communication_count,attack_personal,outcome_bipartisanship,policy,attack_personal_pct,outcome_bipartisanship_pct,policy_pct
A000055,Robert Aderholt,159,2.0,9.0,96.0,1.257861635220126,5.660377358490567,60.37735849056604
A000148,Jake Auchincloss,776,61.0,90.0,562.0,7.860824742268041,11.597938144329897,72.42268041237114
A000369,Mark Amodei,213,1.0,20.0,164.0,0.4694835680751174,9.389671361502346,76.99530516431925
A000370,Alma Adams,175,2.0,6.0,103.0,1.1428571428571428,3.428571428571429,58.857142857142854
A000371,Pete Aguilar,70,2.0,1.0,46.0,2.857142857142857,1.4285714285714286,65.71428571428571
A000372,Rick Allen,480,1.0,25.0,310.0,0.20833333333333334,5.208333333333334,64.58333333333334
A000375,Jodey Arrington,631,11.0,27.0,423.0,1.7432646592709984,4.27892234548336,67.0364500792393
A000379,Mark Alford,823,7.0,52.0,337.0,0.850546780072904,6.318347509113001,40.94775212636695
A000380,Gabe Amo,454,33.0,27.0,321.0,7.268722466960352,5.947136563876652,70.70484581497797
A000381,Yassamin Ansari,185,7.0,3.0,104.0,3.783783783783784,1.6216216216216217,56.21621621621622
A000382,Angela Alsobrooks,241,10.0,18.0,112.0,4.149377593360995,7.468879668049793,46.47302904564315
B000490,Sanford Bishop,150,0.0,10.0,58.0,0.0,6.666666666666667,38.666666666666664
B000668,Cliff Bentz,173,1.0,5.0,114.0,0.5780346820809248,2.8901734104046244,65.89595375722543
B000740,Stephanie Bice,475,2.0,37.0,317.0,0.42105263157894735,7.7894736842105265,66.73684210526316
B000825,Lauren Boebert,326,7.0,15.0,205.0,2.147239263803681,4.601226993865031,62.88343558282209
B001230,Tammy Baldwin,758,33.0,61.0,569.0,4.353562005277045,8.047493403693931,75.06596306068602
B001236,John Boozman,431,1.0,71.0,318.0,0.23201856148491878,16.473317865429234,73.78190255220419
B001243,Marsha Blackburn,1209,39.0,35.0,749.0,3.225806451612903,2.8949545078577335,61.952026468155495
B001257,Gus Bilirakis,602,3.0,39.0,409.0,0.4983388704318937,6.4784053156146175,67.94019933554817
B001260,Vern Buchanan,313,4.0,40.0,237.0,1.2779552715654952,12.779552715654951,75.71884984025559
B001261,John Barrasso,2262,36.0,116.0,1229.0,1.5915119363395225,5.128205128205128,54.33244916003537
B001267,Michael Bennet,971,55.0,82.0,620.0,5.664263645726056,8.444902162718847,63.85169927909372
B001277,Richard Blumenthal,1484,231.0,111.0,906.0,15.566037735849056,7.479784366576819,61.05121293800539
B001278,Suzanne Bonamici,258,12.0,10.0,176.0,4.651162790697675,3.875968992248062,68.21705426356588
B001281,Joyce Beatty,240,9.0,7.0,123.0,3.75,2.9166666666666665,51.24999999999999
B001282,Garland Barr,191,2.0,9.0,112.0,1.0471204188481675,4.712041884816754,58.63874345549738
B001285,Julia Brownley,142,10.0,10.0,104.0,7.042253521126761,7.042253521126761,73.23943661971832
B001287,Ami Bera,262,2.0,27.0,147.0,0.7633587786259541,10.305343511450381,56.10687022900763
B001288,Cory Booker,1366,32.0,121.0,672.0,2.342606149341142,8.857979502196194,49.194729136163986
B001291,Brian Babin,728,34.0,32.0,450.0,4.670329670329671,4.395604395604396,61.81318681318682
B001292,Donald Beyer,662,98.0,25.0,416.0,14.803625377643503,3.7764350453172204,62.839879154078545
B001295,Mike Bost,524,2.0,20.0,330.0,0.38167938931297707,3.816793893129771,62.97709923664122
B001296,Brendan Boyle,335,33.0,15.0,189.0,9.850746268656717,4.477611940298507,56.4179104477612
B001298,Don Bacon,2148,212.0,50.0,639.0,9.869646182495345,2.3277467411545625,29.748603351955303
B001299,Jim Banks,667,14.0,17.0,385.0,2.0989505247376314,2.548725637181409,57.721139430284865
B001300,Nanette Barragán,318,23.0,11.0,224.0,7.232704402515723,3.459119496855346,70.44025157232704
B001301,Jack Bergman,701,8.0,90.0,501.0,1.1412268188302426,12.838801711840228,71.46932952924394
B001302,Andy Biggs,990,58.0,26.0,582.0,5.858585858585859,2.6262626262626263,58.78787878787879
B001303,Lisa Blunt Rochester,326,16.0,26.0,184.0,4.9079754601226995,7.975460122699387,56.44171779141104
B001305,Ted Budd,283,1.0,37.0,165.0,0.35335689045936397,13.074204946996467,58.303886925795055
B001306,Troy Balderson,147,0.0,7.0,89.0,0.0,4.761904761904762,60.544217687074834
B001307,James Baird,190,0.0,17.0,132.0,0.0,8.947368421052632,69.47368421052632
B001309,Tim Burchett,472,18.0,7.0,120.0,3.8135593220338984,1.4830508474576272,25.423728813559322
B001313,Shontel Brown,428,40.0,24.0,276.0,9.345794392523365,5.607476635514018,64.48598130841121
B001314,Aaron Bean,482,5.0,21.0,284.0,1.0373443983402488,4.356846473029045,58.921161825726145
B001315,Nicole (Nikki) Budzinski,474,6.0,56.0,364.0,1.2658227848101267,11.814345991561181,76.79324894514767
B001316,Eric Burlison,747,34.0,7.0,415.0,4.551539491298527,0.9370816599732262,55.55555555555556
B001317,Josh Brecheen,367,6.0,2.0,211.0,1.6348773841961852,0.544959128065395,57.49318801089919
B001318,Becca Balint,562,65.0,15.0,249.0,11.565836298932384,2.6690391459074734,44.30604982206406
B001319,Katie Britt,1309,6.0,195.0,757.0,0.4583651642475172,14.896867838044308,57.83040488922842
B001321,Tom Barrett,26,0.0,2.0,8.0,0.0,7.6923076923076925,30.76923076923077
B001322,Michael Baumgartner,380,0.0,27.0,183.0,0.0,7.105263157894736,48.1578947368421
B001323,Nicholas Begich,65,0.0,3.0,55.0,0.0,4.615384615384616,84.61538461538461
B001324,Wesley Bell,47,0.0,1.0,10.0,0.0,2.127659574468085,21.27659574468085
B001325,Sheri Biggs,22,0.0,0.0,15.0,0.0,0.0,68.18181818181817
B001326,Janelle Bynum,74,1.0,4.0,43.0,1.3513513513513513,5.405405405405405,58.108108108108105
B001327,Robert Bresnahan,248,0.0,12.0,91.0,0.0,4.838709677419355,36.693548387096776
C000059,Ken Calvert,213,3.0,32.0,158.0,1.4084507042253522,15.023474178403756,74.17840375586854
C000127,Maria Cantwell,2192,24.0,223.0,1862.0,1.094890510948905,10.173357664233576,84.94525547445255
C000537,James Clyburn,398,13.0,16.0,171.0,3.2663316582914574,4.0201005025125625,42.96482412060301
C000880,Michael Crapo,704,3.0,75.0,509.0,0.4261363636363636,10.653409090909092,72.30113636363636
C001035,Susan Collins,166,0.0,29.0,127.0,0.0,17.46987951807229,76.50602409638554
C001039,Katherine Cammack,509,0.0,34.0,213.0,0.0,6.679764243614931,41.846758349705304
C001047,Shelley Capito,633,2.0,66.0,371.0,0.315955766192733,10.42654028436019,58.60979462875198
C001051,John Carter,178,1.0,6.0,97.0,0.5617977528089888,3.3707865168539324,54.49438202247191
C001053,Tom Cole,163,1.0,14.0,55.0,0.6134969325153374,8.588957055214724,33.74233128834356
C001055,Ed Case,476,1.0,52.0,288.0,0.21008403361344538,10.92436974789916,60.50420168067227
C001056,John Cornyn,2161,42.0,121.0,1398.0,1.9435446552521982,5.599259602036094,64.69227209625174
C001059,Jim Costa,392,5.0,28.0,247.0,1.2755102040816326,7.142857142857142,63.01020408163265
C001061,Emanuel Cleaver,570,39.0,58.0,438.0,6.842105263157896,10.175438596491228,76.84210526315789
C001063,Henry Cuellar,270,0.0,21.0,163.0,0.0,7.777777777777778,60.370370370370374
C001066,Kathy Castor,884,31.0,47.0,571.0,3.506787330316742,5.316742081447964,64.59276018099548
C001067,Yvette Clarke,251,54.0,7.0,122.0,21.51394422310757,2.788844621513944,48.60557768924303
C001068,Steve Cohen,556,76.0,30.0,291.0,13.66906474820144,5.39568345323741,52.33812949640287
C001069,Joe Courtney,651,10.0,47.0,421.0,1.5360983102918586,7.2196620583717355,64.66973886328725
C001072,André Carson,368,15.0,24.0,224.0,4.076086956521739,6.521739130434782,60.86956521739131
C001075,Bill Cassidy,908,7.0,71.0,613.0,0.7709251101321586,7.819383259911894,67.51101321585902
C001078,Gerald Connolly,597,78.0,34.0,313.0,13.06532663316583,5.6951423785594635,52.428810720268004
C001080,Judy Chu,508,23.0,54.0,335.0,4.52755905511811,10.62992125984252,65.94488188976378
C001087,Eric Crawford,39,0.0,3.0,30.0,0.0,7.6923076923076925,76.92307692307693
C001088,Christopher Coons,596,44.0,58.0,392.0,7.38255033557047,9.731543624161073,65.77181208053692
C001091,Joaquin Castro,210,8.0,15.0,109.0,3.8095238095238098,7.142857142857142,51.90476190476191
C001095,Tom Cotton,416,27.0,38.0,241.0,6.490384615384616,9.134615384615383,57.932692307692314
C001096,Kevin Cramer,384,0.0,21.0,242.0,0.0,5.46875,63.020833333333336
C001098,Ted Cruz,817,17.0,76.0,549.0,2.08078335373317,9.30232558139535,67.19706242350061
C001101,Katherine Clark,557,40.0,12.0,309.0,7.1813285457809695,2.154398563734291,55.475763016157984
C001103,Earl Carter,1296,9.0,56.0,677.0,0.6944444444444444,4.320987654320987,52.23765432098766
C001108,James Comer,306,23.0,13.0,168.0,7.516339869281046,4.248366013071895,54.90196078431373
C001110,J. Correa,488,0.0,38.0,272.0,0.0,7.786885245901639,55.73770491803278
C001112,Salud Carbajal,442,19.0,47.0,304.0,4.298642533936651,10.633484162895927,68.77828054298642
C001113,Catherine Cortez Masto,869,64.0,145.0,661.0,7.3647871116225545,16.68584579976985,76.06444188722669
C001114,John Curtis,357,1.0,48.0,240.0,0.2801120448179272,13.445378151260504,67.22689075630252
C001115,Michael Cloud,496,11.0,17.0,326.0,2.217741935483871,3.4274193548387095,65.7258064516129
C001116,Andrew Clyde,720,64.0,14.0,443.0,8.88888888888889,1.9444444444444444,61.52777777777778
C001117,Sean Casten,497,37.0,34.0,324.0,7.44466800804829,6.841046277665996,65.19114688128774
C001118,Ben Cline,740,11.0,23.0,503.0,1.4864864864864866,3.1081081081081083,67.97297297297298
C001119,Angie Craig,569,10.0,88.0,406.0,1.7574692442882252,15.465729349736378,71.35325131810193
C001120,Dan Crenshaw,565,5.0,22.0,303.0,0.8849557522123894,3.893805309734513,53.6283185840708
C001121,Jason Crow,593,35.0,37.0,336.0,5.902192242833052,6.239460370994941,56.66104553119731
C001123,Gilbert Cisneros,52,8.0,5.0,28.0,15.384615384615385,9.615384615384617,53.84615384615385
C001125,Troy Carter,489,18.0,21.0,288.0,3.6809815950920246,4.294478527607362,58.895705521472394
C001126,Mike Carey,210,0.0,27.0,87.0,0.0,12.857142857142856,41.42857142857143
C001127,Sheila Cherfilus-McCormick,460,2.0,24.0,276.0,0.43478260869565216,5.217391304347826,60.0
C001129,Mike Collins,906,22.0,13.0,250.0,2.4282560706401766,1.434878587196468,27.593818984547465
C001130,Jasmine Crockett,652,85.0,15.0,359.0,13.03680981595092,2.3006134969325154,55.061349693251536
C001131,Gregorio Casar,264,74.0,10.0,139.0,28.030303030303028,3.787878787878788,52.65151515151515
C001132,Eli Crane,894,35.0,33.0,316.0,3.9149888143176734,3.691275167785235,35.34675615212528
C001133,Juan Ciscomani,905,0.0,66.0,444.0,0.0,7.292817679558011,49.06077348066298
C001136,Herbert Conaway,17,0.0,1.0,12.0,0.0,5.88235294117647,70.58823529411765
C001137,Jeff Crank,221,0.0,1.0,115.0,0.0,0.4524886877828055,52.03619909502263
D000032,Byron Donalds,543,7.0,87.0,387.0,1.289134438305709,16.022099447513813,71.27071823204419
D000096,Danny Davis,143,3.0,18.0,92.0,2.097902097902098,12.587412587412588,64.33566433566433
D000197,Diana DeGette,234,18.0,10.0,147.0,7.6923076923076925,4.273504273504273,62.82051282051282
D000216,Rosa DeLauro,432,31.0,20.0,304.0,7.175925925925926,4.62962962962963,70.37037037037037
D000230,Donald Davis,635,0.0,34.0,308.0,0.0,5.354330708661418,48.503937007874015
D000399,Lloyd Doggett,559,114.0,21.0,361.0,20.39355992844365,3.7567084078711988,64.57960644007156
D000530,Chris Deluzio,420,11.0,31.0,231.0,2.619047619047619,7.380952380952381,55.00000000000001
D000563,Richard Durbin,3678,286.0,247.0,2027.0,7.775965198477433,6.715606307775965,55.111473626971176
D000594,Mónica De La Cruz,736,0.0,50.0,432.0,0.0,6.7934782608695645,58.69565217391305
D000600,Mario Diaz-Balart,443,11.0,41.0,231.0,2.4830699774266365,9.255079006772009,52.144469525959366
D000616,Scott DesJarlais,41,0.0,0.0,21.0,0.0,0.0,51.21951219512195
D000617,Suzan DelBene,421,15.0,20.0,271.0,3.5629453681710213,4.750593824228028,64.37054631828978
D000618,Steve Daines,508,2.0,29.0,317.0,0.39370078740157477,5.708661417322835,62.40157480314961
D000622,Tammy Duckworth,530,147.0,35.0,319.0,27.735849056603772,6.60377358490566,60.18867924528302
D000623,Mark DeSaulnier,607,14.0,16.0,355.0,2.3064250411861615,2.6359143327841847,58.48434925864909
D000624,Debbie Dingell,690,10.0,65.0,377.0,1.4492753623188406,9.420289855072465,54.637681159420296
D000626,Warren Davidson,1117,41.0,27.0,461.0,3.670546105640107,2.4171888988361685,41.271262309758285
D000628,Neal Dunn,626,1.0,17.0,408.0,0.1597444089456869,2.7156549520766773,65.17571884984025
D000629,Sharice Davids,451,1.0,75.0,266.0,0.22172949002217296,16.62971175166297,58.98004434589801
D000631,Madeleine Dean,360,18.0,20.0,220.0,5.0,5.555555555555555,61.111111111111114
D000634,Troy Downing,60,1.0,4.0,27.0,1.6666666666666667,6.666666666666667,45.0
D000635,Maxine Dexter,122,3.0,2.0,63.0,2.459016393442623,1.639344262295082,51.63934426229508
E000071,Jake Ellzey,184,0.0,10.0,48.0,0.0,5.434782608695652,26.08695652173913
E000235,Mike Ezell,414,0.0,37.0,251.0,0.0,8.937198067632849,60.6280193236715
E000246,Charles (Chuck) Edwards,298,1.0,18.0,191.0,0.33557046979865773,6.0402684563758395,64.09395973154362
E000294,Tom Emmer,419,14.0,10.0,238.0,3.341288782816229,2.386634844868735,56.801909307875896
E000295,Joni Ernst,1123,28.0,29.0,725.0,2.4933214603739984,2.5823686553873553,64.55921638468388
E000296,Dwight Evans,472,18.0,28.0,249.0,3.8135593220338984,5.932203389830509,52.7542372881356
E000297,Adriano Espaillat,1492,31.0,55.0,809.0,2.0777479892761392,3.686327077747989,54.2225201072386
E000298,Ron Estes,489,2.0,45.0,318.0,0.408997955010225,9.202453987730062,65.03067484662577
E000299,Veronica Escobar,557,36.0,47.0,326.0,6.463195691202872,8.43806104129264,58.52782764811491
E000300,Gabe Evans,6,0.0,0.0,4.0,0.0,0.0,66.66666666666666
E000301,Sarah Elfreth,50,1.0,3.0,27.0,2.0,6.0,54.0
F000110,Cleo Fields,31,0.0,2.0,17.0,0.0,6.451612903225806,54.83870967741935
F000246,Patrick Fallon,589,18.0,9.0,435.0,3.0560271646859083,1.5280135823429541,73.85398981324278
F000446,Randy Feenstra,1514,6.0,115.0,1224.0,0.3963011889035667,7.595772787318363,80.84544253632761
F000450,Virginia Foxx,617,13.0,20.0,240.0,2.106969205834684,3.2414910858995136,38.897893030794165
F000454,Bill Foster,300,22.0,10.0,185.0,7.333333333333333,3.3333333333333335,61.66666666666667
F000459,Charles Fleischmann,239,0.0,22.0,144.0,0.0,9.205020920502092,60.25104602510461
F000462,Lois Frankel,305,3.0,9.0,199.0,0.9836065573770493,2.9508196721311477,65.24590163934427
F000463,Deb Fischer,499,0.0,30.0,298.0,0.0,6.012024048096192,59.719438877755515
F000466,Brian Fitzpatrick,1193,2.0,170.0,567.0,0.16764459346186086,14.249790444258172,47.52724224643755
F000468,Lizzie Fletcher,960,24.0,56.0,540.0,2.5,5.833333333333333,56.25
F000469,Russ Fulcher,273,1.0,21.0,197.0,0.3663003663003663,7.6923076923076925,72.16117216117216
F000470,Michelle Fischbach,599,9.0,24.0,340.0,1.5025041736227045,4.006677796327212,56.761268781302164
F000471,Scott Fitzgerald,175,1.0,5.0,117.0,0.5714285714285714,2.857142857142857,66.85714285714286
F000472,C. Franklin,437,3.0,31.0,226.0,0.6864988558352403,7.093821510297483,51.7162471395881
F000474,Mike Flood,355,1.0,27.0,196.0,0.28169014084507044,7.605633802816901,55.21126760563381
F000475,Brad Finstad,145,0.0,20.0,84.0,0.0,13.793103448275861,57.931034482758626
F000476,Maxwell Frost,225,11.0,9.0,121.0,4.888888888888889,4.0,53.77777777777778
F000477,Valerie Foushee,317,10.0,31.0,234.0,3.1545741324921135,9.779179810725552,73.81703470031546
F000478,Russell Fry,360,9.0,15.0,174.0,2.5,4.166666666666666,48.333333333333336
F000479,John Fetterman,115,3.0,13.0,64.0,2.608695652173913,11.304347826086957,55.65217391304348
F000480,Vince Fong,242,4.0,13.0,140.0,1.6528925619834711,5.371900826446281,57.85123966942148
F000481,Shomari Figures,154,1.0,6.0,48.0,0.6493506493506493,3.896103896103896,31.16883116883117
F000482,Julie Fedorchak,193,0.0,11.0,137.0,0.0,5.699481865284974,70.98445595854922
F000483,Laura Friedman,141,0.0,6.0,86.0,0.0,4.25531914893617,60.99290780141844
G000359,Lindsey Graham,272,3.0,17.0,166.0,1.1029411764705883,6.25,61.029411764705884
G000386,Charles Grassley,1702,36.0,226.0,1111.0,2.1151586368977675,13.278495887191538,65.27614571092832
G000546,Sam Graves,231,2.0,15.0,147.0,0.8658008658008658,6.493506493506493,63.63636363636363
G000553,Al Green,1078,54.0,20.0,360.0,5.009276437847866,1.855287569573284,33.39517625231911
G000555,Kirsten Gillibrand,494,5.0,65.0,329.0,1.0121457489878543,13.157894736842104,66.59919028340082
G000558,Brett Guthrie,378,1.0,17.0,226.0,0.26455026455026454,4.497354497354497,59.78835978835979
G000559,John Garamendi,543,38.0,17.0,307.0,6.998158379373849,3.1307550644567224,56.537753222836095
G000565,Paul Gosar,952,57.0,25.0,550.0,5.987394957983193,2.6260504201680672,57.773109243697476
G000568,H. Griffith,1037,2.0,47.0,596.0,0.19286403085824494,4.532304725168756,57.47348119575699
G000574,Ruben Gallego,398,28.0,25.0,254.0,7.035175879396985,6.281407035175879,63.81909547738693
G000576,Glenn Grothman,840,6.0,26.0,489.0,0.7142857142857143,3.0952380952380953,58.214285714285715
G000581,Vicente Gonzalez,193,2.0,14.0,104.0,1.0362694300518136,7.253886010362693,53.8860103626943
G000583,Josh Gottheimer,619,17.0,104.0,508.0,2.7463651050080773,16.80129240710824,82.06785137318255
G000585,Jimmy Gomez,709,72.0,24.0,456.0,10.155148095909732,3.385049365303244,64.31593794076164
G000586,Jesús García,341,20.0,12.0,189.0,5.865102639296188,3.519061583577713,55.42521994134897
G000587,Sylvia Garcia,493,23.0,10.0,311.0,4.665314401622718,2.028397565922921,63.083164300202846
G000589,Lance Gooden,464,48.0,11.0,293.0,10.344827586206897,2.3706896551724137,63.146551724137936
G000590,Mark Green,1114,17.0,29.0,768.0,1.526032315978456,2.6032315978456015,68.9407540394973
G000591,Michael Guest,341,0.0,3.0,169.0,0.0,0.8797653958944283,49.56011730205279
G000592,Jared Golden,415,5.0,43.0,247.0,1.2048192771084338,10.361445783132531,59.518072289156635
G000593,Carlos Gimenez,929,62.0,52.0,384.0,6.673842841765339,5.597416576964478,41.33476856835307
G000594,Ernest Gonzales,316,0.0,30.0,202.0,0.0,9.49367088607595,63.92405063291139
G000596,Marjorie Greene,1036,83.0,14.0,494.0,8.011583011583012,1.3513513513513513,47.68339768339768
G000597,Andrew Garbarino,372,1.0,52.0,250.0,0.2688172043010753,13.978494623655912,67.20430107526882
G000598,Robert Garcia,407,40.0,15.0,241.0,9.828009828009828,3.6855036855036856,59.21375921375921
G000599,Dan Goldman,704,67.0,35.0,555.0,9.517045454545455,4.971590909090909,78.83522727272727
G000600,Marie Gluesenkamp Perez,218,1.0,44.0,142.0,0.45871559633027525,20.18348623853211,65.13761467889908
G000601,Craig Goldman,82,0.0,0.0,19.0,0.0,0.0,23.170731707317074
G000602,Laura Gillen,45,0.0,7.0,23.0,0.0,15.555555555555555,51.11111111111111
G000603,Brandon Gill,218,15.0,2.0,127.0,6.8807339449541285,0.9174311926605505,58.256880733944946
G000604,Maggie Goodlander,30,0.0,6.0,17.0,0.0,20.0,56.666666666666664
G000605,Adam Gray,26,0.0,4.0,22.0,0.0,15.384615384615385,84.61538461538461
H000273,John Hickenlooper,1383,18.0,74.0,528.0,1.3015184381778742,5.350686912509038,38.17787418655097
H000601,Bill Hagerty,263,15.0,8.0,169.0,5.7034220532319395,3.041825095057034,64.25855513307985
H000874,Steny Hoyer,380,19.0,34.0,254.0,5.0,8.947368421052632,66.84210526315789
H001042,Mazie Hirono,452,98.0,19.0,302.0,21.68141592920354,4.20353982300885,66.8141592920354
H001046,Martin Heinrich,696,81.0,34.0,474.0,11.637931034482758,4.885057471264368,68.10344827586206
H001047,James Himes,308,30.0,12.0,113.0,9.740259740259742,3.896103896103896,36.688311688311686
H001052,Andy Harris,357,7.0,3.0,221.0,1.9607843137254901,0.8403361344537815,61.904761904761905
H001058,Bill Huizenga,316,3.0,49.0,200.0,0.949367088607595,15.50632911392405,63.29113924050633
H001061,John Hoeven,404,0.0,29.0,260.0,0.0,7.1782178217821775,64.35643564356435
H001066,Steven Horsford,358,11.0,16.0,235.0,3.072625698324022,4.4692737430167595,65.64245810055866
H001067,Richard Hudson,499,16.0,33.0,283.0,3.2064128256513023,6.613226452905812,56.71342685370742
H001068,Jared Huffman,611,29.0,61.0,411.0,4.746317512274959,9.983633387888707,67.26677577741408
H001072,J. Hill,693,4.0,58.0,369.0,0.5772005772005772,8.369408369408369,53.246753246753244
H001076,Margaret Hassan,610,60.0,88.0,405.0,9.836065573770492,14.426229508196723,66.39344262295081
H001077,Clay Higgins,169,9.0,0.0,74.0,5.325443786982249,0.0,43.786982248520715
H001079,Cindy Hyde-Smith,315,2.0,20.0,210.0,0.6349206349206349,6.349206349206349,66.66666666666666
H001081,Jahana Hayes,716,2.0,46.0,470.0,0.27932960893854747,6.424581005586592,65.64245810055866
H001082,Kevin Hern,291,11.0,8.0,143.0,3.7800687285223367,2.7491408934707904,49.140893470790374
H001085,Chrissy Houlahan,566,51.0,40.0,298.0,9.010600706713781,7.06713780918728,52.65017667844523
H001086,Diana Harshbarger,433,9.0,8.0,201.0,2.0785219399538106,1.8475750577367205,46.4203233256351
H001089,Joshua Hawley,242,8.0,6.0,135.0,3.3057851239669422,2.479338842975207,55.78512396694215
H001090,Josh Harder,125,1.0,7.0,82.0,0.8,5.6000000000000005,65.60000000000001
H001091,Ashley Hinson,498,6.0,43.0,349.0,1.2048192771084338,8.634538152610443,70.08032128514057
H001093,Erin Houchin,272,4.0,8.0,151.0,1.4705882352941175,2.941176470588235,55.51470588235294
H001094,Valerie Hoyle,266,3.0,29.0,198.0,1.1278195488721803,10.902255639097744,74.43609022556392
H001095,Wesley Hunt,600,36.0,4.0,341.0,6.0,0.6666666666666667,56.833333333333336
H001096,Harriet Hageman,661,4.0,19.0,412.0,0.6051437216338881,2.8744326777609683,62.32980332829047
H001099,Mike Haridopolos,348,3.0,16.0,194.0,0.8620689655172413,4.597701149425287,55.74712643678161
H001100,Jeff Hurd,21,0.0,0.0,13.0,0.0,0.0,61.904761904761905
H001101,Pat Harrigan,208,2.0,7.0,109.0,0.9615384615384616,3.3653846153846154,52.40384615384615
H001102,Mark Harris,39,1.0,3.0,30.0,2.564102564102564,7.6923076923076925,76.92307692307693
H001103,Pablo José Hernández Rivera,117,1.0,8.0,67.0,0.8547008547008548,6.837606837606838,57.26495726495726
I000056,Darrell Issa,273,20.0,10.0,100.0,7.326007326007327,3.6630036630036633,36.63003663003663
I000058,Glenn Ivey,346,6.0,22.0,195.0,1.7341040462427744,6.358381502890173,56.358381502890175
J000288,Henry Johnson,384,32.0,13.0,157.0,8.333333333333332,3.3854166666666665,40.88541666666667
J000289,Jim Jordan,384,15.0,1.0,131.0,3.90625,0.26041666666666663,34.11458333333333
J000293,Ron Johnson,272,7.0,16.0,172.0,2.5735294117647056,5.88235294117647,63.23529411764706
J000294,Hakeem Jeffries,312,8.0,6.0,174.0,2.564102564102564,1.9230769230769231,55.769230769230774
J000295,David Joyce,330,0.0,69.0,238.0,0.0,20.909090909090907,72.12121212121212
J000298,Pramila Jayapal,1036,92.0,24.0,762.0,8.880308880308881,2.3166023166023164,73.55212355212355
J000299,Mike Johnson,723,27.0,40.0,322.0,3.7344398340248963,5.532503457814661,44.53665283540803
J000301,Dusty Johnson,244,1.0,22.0,167.0,0.4098360655737705,9.01639344262295,68.44262295081968
J000302,John Joyce,640,1.0,30.0,345.0,0.15625,4.6875,53.90625
J000304,Ronny Jackson,258,9.0,9.0,160.0,3.488372093023256,3.488372093023256,62.01550387596899
J000305,Sara Jacobs,448,15.0,13.0,341.0,3.3482142857142856,2.9017857142857144,76.11607142857143
J000307,John James,267,2.0,5.0,184.0,0.7490636704119851,1.8726591760299627,68.91385767790263
J000309,Jonathan Jackson,490,19.0,11.0,189.0,3.877551020408163,2.2448979591836733,38.57142857142858
J000310,Julie Johnson,162,4.0,9.0,114.0,2.4691358024691357,5.555555555555555,70.37037037037037
J000311,Brian Jack,31,0.0,4.0,18.0,0.0,12.903225806451612,58.06451612903226
J000312,Jim Justice,99,0.0,0.0,34.0,0.0,0.0,34.34343434343434
K000009,Marcy Kaptur,892,31.0,69.0,507.0,3.4753363228699556,7.73542600896861,56.83856502242153
K000367,Amy Klobuchar,1563,48.0,274.0,1139.0,3.071017274472169,17.530390275111966,72.87268074216252
K000375,William Keating,141,5.0,9.0,84.0,3.546099290780142,6.382978723404255,59.57446808510638
K000376,Mike Kelly,223,0.0,16.0,127.0,0.0,7.174887892376682,56.95067264573991
K000377,Mark Kelly,861,108.0,40.0,501.0,12.543554006968641,4.645760743321719,58.18815331010453
K000383,Angus King,523,16.0,70.0,361.0,3.0592734225621414,13.38432122370937,69.02485659655831
K000384,Timothy Kaine,1124,84.0,70.0,571.0,7.473309608540925,6.227758007117438,50.80071174377224
K000385,Robin Kelly,345,23.0,19.0,199.0,6.666666666666667,5.507246376811594,57.68115942028985
K000388,Trent Kelly,198,0.0,12.0,87.0,0.0,6.0606060606060606,43.93939393939394
K000389,Ro Khanna,724,5.0,48.0,411.0,0.6906077348066298,6.629834254143646,56.767955801104975
K000391,Raja Krishnamoorthi,495,26.0,33.0,299.0,5.252525252525253,6.666666666666667,60.4040404040404
K000392,David Kustoff,549,3.0,47.0,315.0,0.546448087431694,8.561020036429873,57.377049180327866
K000393,John Kennedy,1258,50.0,24.0,704.0,3.97456279809221,1.9077901430842605,55.96184419713831
K000394,Andy Kim,451,48.0,17.0,271.0,10.643015521064301,3.7694013303769403,60.08869179600887
K000397,Young Kim,426,0.0,64.0,273.0,0.0,15.023474178403756,64.08450704225352
K000398,Thomas Kean,528,0.0,43.0,251.0,0.0,8.143939393939394,47.53787878787879
K000399,Jennifer Kiggans,982,4.0,94.0,505.0,0.40733197556008144,9.572301425661914,51.425661914460285
K000400,Sydney Kamlager-Dove,395,41.0,18.0,224.0,10.379746835443038,4.556962025316456,56.708860759493675
K000401,Kevin Kiley,677,7.0,28.0,437.0,1.03397341211226,4.13589364844904,64.54948301329394
K000402,Timothy Kennedy,746,13.0,23.0,299.0,1.742627345844504,3.0831099195710454,40.08042895442359
K000403,Mike Kennedy,56,0.0,6.0,37.0,0.0,10.714285714285714,66.07142857142857
K000404,Kimberlyn King-Hinds,17,0.0,1.0,10.0,0.0,5.88235294117647,58.82352941176471
K000405,Brad Knott,65,1.0,0.0,41.0,1.5384615384615385,0.0,63.07692307692307
L000273,Teresa Leger Fernandez,373,36.0,20.0,206.0,9.651474530831099,5.361930294906166,55.22788203753352
L000397,Zoe Lofgren,161,6.0,14.0,122.0,3.7267080745341614,8.695652173913043,75.77639751552795
L000491,Frank Lucas,127,0.0,8.0,79.0,0.0,6.299212598425196,62.20472440944882
L000557,John Larson,643,27.0,41.0,404.0,4.199066874027993,6.376360808709176,62.83048211508554
L000560,Rick Larsen,113,2.0,10.0,69.0,1.7699115044247788,8.849557522123893,61.06194690265486
L000562,Stephen Lynch,135,7.0,12.0,99.0,5.185185185185185,8.88888888888889,73.33333333333333
L000566,Robert Latta,185,0.0,10.0,91.0,0.0,5.405405405405405,49.18918918918919
L000570,Ben Luján,658,31.0,49.0,419.0,4.711246200607903,7.446808510638298,63.67781155015197
L000571,Cynthia Lummis,596,6.0,48.0,341.0,1.006711409395973,8.053691275167784,57.21476510067114
L000575,James Lankford,809,1.0,53.0,454.0,0.12360939431396785,6.551297898640297,56.118665018541414
L000577,Mike Lee,608,18.0,22.0,369.0,2.9605263157894735,3.618421052631579,60.69078947368421
L000578,Doug LaMalfa,1899,26.0,38.0,1236.0,1.369141653501843,2.0010531858873093,65.086887835703
L000582,Ted Lieu,437,30.0,22.0,281.0,6.864988558352403,5.034324942791762,64.30205949656751
L000583,Barry Loudermilk,270,3.0,17.0,197.0,1.1111111111111112,6.296296296296296,72.96296296296296
L000585,Darin LaHood,460,4.0,62.0,289.0,0.8695652173913043,13.478260869565217,62.82608695652174
L000590,Susie Lee,416,7.0,87.0,280.0,1.6826923076923077,20.91346153846154,67.3076923076923
L000593,Mike Levin,513,22.0,52.0,366.0,4.28849902534113,10.1364522417154,71.34502923976608
L000595,Julia Letlow,230,2.0,7.0,139.0,0.8695652173913043,3.0434782608695654,60.43478260869565
L000596,Anna Luna,767,43.0,22.0,375.0,5.60625814863103,2.8683181225554106,48.89178617992177
L000597,Laurel Lee,463,2.0,21.0,283.0,0.4319654427645789,4.535637149028078,61.12311015118791
L000598,Nicolas LaLota,370,3.0,49.0,259.0,0.8108108108108109,13.243243243243244,70.0
L000599,Michael Lawler,1027,17.0,113.0,606.0,1.6553067185978578,11.002921129503408,59.00681596884129
L000600,Nicholas Langworthy,556,15.0,50.0,306.0,2.697841726618705,8.992805755395683,55.03597122302158
L000601,Greg Landsman,904,20.0,85.0,534.0,2.2123893805309733,9.402654867256636,59.070796460176986
L000602,Summer Lee,189,15.0,0.0,144.0,7.936507936507936,0.0,76.19047619047619
L000603,Morgan Luttrell,348,1.0,16.0,244.0,0.28735632183908044,4.597701149425287,70.11494252873564
L000606,George Latimer,131,2.0,4.0,53.0,1.5267175572519083,3.0534351145038165,40.458015267175576
L000607,Sam Liccardo,59,6.0,2.0,25.0,10.16949152542373,3.389830508474576,42.3728813559322
M000133,Edward Markey,1337,165.0,43.0,867.0,12.341062079281974,3.2161555721765147,64.84667165295438
M000194,Nancy Mace,3167,299.0,24.0,620.0,9.441111461951374,0.7578149668455952,19.57688664351121
M000312,James McGovern,1559,149.0,51.0,695.0,9.557408595253367,3.27132777421424,44.57985888389994
M000317,Nicole Malliotakis,481,7.0,58.0,335.0,1.4553014553014554,12.058212058212058,69.64656964656965
M000355,Mitch McConnell,291,4.0,21.0,189.0,1.3745704467353952,7.216494845360824,64.94845360824742
M000687,Kweisi Mfume,391,5.0,16.0,170.0,1.278772378516624,4.092071611253197,43.47826086956522
M000871,Tracey Mann,844,7.0,22.0,500.0,0.8293838862559242,2.6066350710900474,59.241706161137444
M000934,Jerry Moran,923,1.0,123.0,613.0,0.10834236186348861,13.326110509209101,66.41386782231852
M001111,Patty Murray,1683,274.0,123.0,1097.0,16.28045157456922,7.308377896613191,65.18122400475342
M001136,Lisa McClain,888,28.0,26.0,422.0,3.153153153153153,2.9279279279279278,47.52252252252252
M001137,Gregory Meeks,238,15.0,14.0,146.0,6.302521008403361,5.88235294117647,61.34453781512605
M001143,Betty McCollum,671,40.0,37.0,491.0,5.961251862891207,5.514157973174367,73.17436661698957
M001153,Lisa Murkowski,389,3.0,22.0,230.0,0.7712082262210797,5.655526992287918,59.12596401028277
M001157,Michael McCaul,395,10.0,19.0,291.0,2.5316455696202533,4.810126582278481,73.67088607594937
M001160,Gwen Moore,634,53.0,34.0,377.0,8.3596214511041,5.3627760252365935,59.46372239747634
M001163,Doris Matsui,205,16.0,11.0,140.0,7.804878048780488,5.365853658536586,68.29268292682927
M001169,Christopher Murphy,714,87.0,24.0,371.0,12.184873949579831,3.361344537815126,51.9607843137255
M001176,Jeff Merkley,1420,135.0,95.0,856.0,9.507042253521126,6.690140845070422,60.281690140845065
M001177,Tom McClintock,251,10.0,8.0,140.0,3.9840637450199203,3.187250996015936,55.77689243027888
M001184,Thomas Massie,703,33.0,10.0,325.0,4.694167852062589,1.422475106685633,46.23044096728307
M001188,Grace Meng,290,1.0,17.0,199.0,0.3448275862068966,5.862068965517241,68.62068965517241
M001190,Markwayne Mullin,1409,59.0,53.0,554.0,4.187366926898509,3.7615330021291693,39.318665720369054
M001194,John Moolenaar,138,2.0,12.0,80.0,1.4492753623188406,8.695652173913043,57.971014492753625
M001196,Seth Moulton,189,8.0,20.0,107.0,4.232804232804233,10.582010582010582,56.613756613756614
M001198,Roger Marshall,462,3.0,58.0,375.0,0.6493506493506493,12.554112554112553,81.16883116883116
M001199,Brian Mast,449,5.0,8.0,238.0,1.1135857461024499,1.7817371937639197,53.00668151447662
M001204,Daniel Meuser,570,5.0,20.0,420.0,0.8771929824561403,3.508771929824561,73.68421052631578
M001205,Carol Miller,475,1.0,65.0,393.0,0.21052631578947367,13.684210526315791,82.73684210526315
M001206,Joseph Morelle,773,20.0,51.0,507.0,2.58732212160414,6.597671410090557,65.58861578266495
M001208,Lucy McBath,249,1.0,6.0,112.0,0.4016064257028112,2.4096385542168677,44.97991967871486
M001210,Gregory Murphy,834,30.0,37.0,599.0,3.597122302158273,4.436450839328537,71.82254196642685
M001211,Mary Miller,442,29.0,6.0,235.0,6.561085972850679,1.3574660633484164,53.16742081447964
M001212,Barry Moore,217,4.0,2.0,103.0,1.8433179723502304,0.9216589861751152,47.465437788018434
M001213,Blake Moore,717,1.0,53.0,400.0,0.1394700139470014,7.391910739191074,55.78800557880056
M001214,Frank Mrvan,148,0.0,6.0,73.0,0.0,4.054054054054054,49.32432432432432
M001215,Mariannette Miller-Meeks,610,3.0,37.0,398.0,0.49180327868852464,6.065573770491803,65.24590163934427
M001216,Cory Mills,801,4.0,20.0,528.0,0.4993757802746567,2.4968789013732833,65.91760299625467
M001217,Jared Moskowitz,267,1.0,43.0,153.0,0.37453183520599254,16.10486891385768,57.30337078651685
M001218,Rich McCormick,335,0.0,14.0,151.0,0.0,4.179104477611941,45.07462686567164
M001219,James (Jim) Moylan,38,0.0,6.0,18.0,0.0,15.789473684210526,47.368421052631575
M001220,Morgan McGarvey,898,22.0,22.0,525.0,2.4498886414253898,2.4498886414253898,58.463251670378625
M001222,Max Miller,204,1.0,20.0,137.0,0.49019607843137253,9.803921568627452,67.15686274509804
M001223,Seth Magaziner,755,31.0,52.0,492.0,4.105960264900662,6.887417218543046,65.16556291390728
M001224,Nathaniel Moran,774,3.0,36.0,411.0,0.3875968992248062,4.651162790697675,53.100775193798455
M001225,Kevin Mullin,253,9.0,15.0,166.0,3.557312252964427,5.928853754940711,65.61264822134387
M001226,Robert Menendez,432,8.0,18.0,256.0,1.8518518518518516,4.166666666666666,59.25925925925925
M001227,Jennifer McClellan,725,22.0,29.0,395.0,3.0344827586206895,4.0,54.48275862068965
M001228,Celeste Maloy,334,2.0,24.0,193.0,0.5988023952095809,7.18562874251497,57.784431137724546
M001229,LaMonica McIver,91,3.0,4.0,44.0,3.296703296703297,4.395604395604396,48.35164835164835
M001230,Ryan Mackenzie,23,1.0,0.0,20.0,4.3478260869565215,0.0,86.95652173913044
M001231,John Mannion,9,0.0,0.0,3.0,0.0,0.0,33.33333333333333
M001232,April McClain Delaney,68,0.0,7.0,46.0,0.0,10.294117647058822,67.64705882352942
M001233,Mark Messmer,21,0.0,1.0,10.0,0.0,4.761904761904762,47.61904761904761
M001234,Kelly Morrison,139,1.0,12.0,80.0,0.7194244604316548,8.633093525179856,57.55395683453237
M001235,Riley Moore,4,0.0,0.0,4.0,0.0,0.0,100.0
M001236,Tim Moore,92,6.0,3.0,53.0,6.521739130434782,3.260869565217391,57.608695652173914
M001237,Kristen McDonald Rivet,24,0.0,0.0,16.0,0.0,0.0,66.66666666666666
M001238,Sarah McBride,79,0.0,6.0,60.0,0.0,7.59493670886076,75.9493670886076
M001239,John McGuire,169,0.0,1.0,77.0,0.0,0.591715976331361,45.562130177514796
M001240,Addison McDowell,235,1.0,11.0,165.0,0.425531914893617,4.680851063829787,70.2127659574468
M001241,Dave Min,71,6.0,3.0,46.0,8.450704225352112,4.225352112676056,64.7887323943662
M001242,Bernie Moreno,126,0.0,10.0,50.0,0.0,7.936507936507936,39.682539682539684
M001243,Dave McCormick,75,1.0,9.0,42.0,1.3333333333333335,12.0,56.00000000000001
M001244,Ashley Moody,31,1.0,0.0,22.0,3.225806451612903,0.0,70.96774193548387
N000002,Jerrold Nadler,505,41.0,26.0,357.0,8.118811881188119,5.148514851485149,70.6930693069307
N000015,Richard Neal,134,0.0,4.0,99.0,0.0,2.9850746268656714,73.88059701492537
N000026,Troy Nehls,797,13.0,40.0,489.0,1.631116687578419,5.018820577164367,61.35508155583438
N000147,Eleanor Norton,300,3.0,22.0,220.0,1.0,7.333333333333333,73.33333333333333
N000188,Donald Norcross,367,5.0,13.0,236.0,1.3623978201634876,3.5422343324250685,64.30517711171662
N000189,Dan Newhouse,316,0.0,50.0,199.0,0.0,15.822784810126583,62.9746835443038
N000190,Ralph Norman,309,13.0,2.0,154.0,4.207119741100324,0.6472491909385114,49.83818770226537
N000191,Joe Neguse,401,4.0,34.0,164.0,0.997506234413965,8.478802992518704,40.89775561097257
N000193,Zachary (Zach) Nunn,469,3.0,63.0,304.0,0.6396588486140725,13.432835820895523,64.81876332622602
O000019,Jay Obernolte,298,0.0,30.0,203.0,0.0,10.06711409395973,68.12080536912751
O000086,Clarence Owens,620,10.0,21.0,411.0,1.6129032258064515,3.387096774193549,66.29032258064517
O000172,Alexandria Ocasio-Cortez,151,1.0,12.0,101.0,0.6622516556291391,7.9470198675496695,66.88741721854305
O000173,Ilhan Omar,497,19.0,16.0,313.0,3.8229376257545273,3.2193158953722336,62.97786720321932
O000174,Jon Ossoff,260,7.0,71.0,221.0,2.6923076923076925,27.307692307692307,85.0
O000175,Andrew Ogles,574,57.0,4.0,272.0,9.930313588850174,0.6968641114982579,47.386759581881535
O000176,Johnny Olszewski,39,0.0,7.0,20.0,0.0,17.94871794871795,51.28205128205128
O000177,Robert Onder,237,4.0,6.0,115.0,1.6877637130801686,2.5316455696202533,48.52320675105485
P000034,Frank Pallone,1361,157.0,49.0,937.0,11.5356355620867,3.6002939015429827,68.84643644379132
P000048,August Pfluger,528,6.0,31.0,316.0,1.1363636363636365,5.871212121212121,59.84848484848485
P000145,Alejandro Padilla,1023,100.0,123.0,729.0,9.775171065493646,12.023460410557185,71.26099706744868
P000197,Nancy Pelosi,344,12.0,12.0,232.0,3.488372093023256,3.488372093023256,67.44186046511628
P000595,Gary Peters,483,40.0,75.0,355.0,8.281573498964804,15.527950310559005,73.49896480331263
P000597,Chellie Pingree,228,6.0,16.0,156.0,2.631578947368421,7.017543859649122,68.42105263157895
P000603,Rand Paul,1048,13.0,60.0,699.0,1.2404580152671756,5.7251908396946565,66.69847328244275
P000605,Scott Perry,693,16.0,17.0,460.0,2.3088023088023086,2.4531024531024532,66.37806637806638
P000607,Mark Pocan,430,61.0,10.0,239.0,14.186046511627906,2.3255813953488373,55.58139534883721
P000608,Scott Peters,345,18.0,34.0,229.0,5.217391304347826,9.855072463768117,66.3768115942029
P000609,Gary Palmer,198,3.0,6.0,95.0,1.5151515151515151,3.0303030303030303,47.97979797979798
P000610,Stacey Plaskett,249,6.0,25.0,119.0,2.4096385542168677,10.040160642570282,47.791164658634536
P000613,Jimmy Panetta,1140,11.0,134.0,907.0,0.9649122807017544,11.75438596491228,79.56140350877193
P000614,Chris Pappas,528,0.0,64.0,345.0,0.0,12.121212121212121,65.3409090909091
P000617,Ayanna Pressley,358,36.0,3.0,217.0,10.05586592178771,0.8379888268156425,60.614525139664806
P000620,Brittany Pettersen,560,12.0,50.0,252.0,2.142857142857143,8.928571428571429,45.0
P000621,Nellie Pou,5,0.0,0.0,5.0,0.0,0.0,100.0
P000622,Jimmy Patronis,12,0.0,0.0,0.0,0.0,0.0,0.0
Q000023,Mike Quigley,542,36.0,24.0,310.0,6.642066420664207,4.428044280442804,57.19557195571956
R000122,John Reed,1051,73.0,122.0,798.0,6.945765937202664,11.607992388201712,75.92768791627022
R000305,Deborah Ross,445,23.0,32.0,289.0,5.168539325842696,7.191011235955057,64.9438202247191
R000395,Harold Rogers,83,0.0,4.0,51.0,0.0,4.819277108433735,61.44578313253012
R000575,Mike Rogers,134,2.0,4.0,37.0,1.4925373134328357,2.9850746268656714,27.611940298507463
R000579,Patrick Ryan,663,16.0,36.0,348.0,2.413273001508296,5.429864253393665,52.488687782805435
R000584,James Risch,548,2.0,31.0,353.0,0.36496350364963503,5.656934306569343,64.41605839416059
R000599,Raul Ruiz,248,11.0,9.0,152.0,4.435483870967742,3.6290322580645165,61.29032258064516
R000600,Aumua Amata Radewagen,143,0.0,13.0,108.0,0.0,9.090909090909092,75.52447552447552
R000603,David Rouzer,366,1.0,24.0,221.0,0.273224043715847,6.557377049180328,60.38251366120219
R000605,Mike Rounds,446,0.0,20.0,289.0,0.0,4.484304932735426,64.79820627802691
R000606,Jamie Raskin,890,67.0,44.0,538.0,7.528089887640449,4.943820224719101,60.449438202247194
R000608,Jacky Rosen,966,58.0,139.0,724.0,6.004140786749482,14.389233954451347,74.94824016563147
R000609,John Rutherford,251,4.0,27.0,151.0,1.593625498007968,10.756972111553784,60.1593625498008
R000610,Guy Reschenthaler,259,4.0,6.0,123.0,1.5444015444015444,2.3166023166023164,47.49034749034749
R000612,John Rose,142,1.0,4.0,64.0,0.7042253521126761,2.8169014084507045,45.07042253521127
R000614,Chip Roy,1147,22.0,39.0,731.0,1.918047079337402,3.4001743679163035,63.73147340889277
R000617,Delia Ramirez,815,60.0,18.0,487.0,7.361963190184049,2.208588957055215,59.75460122699386
R000618,Pete Ricketts,1077,6.0,72.0,714.0,0.5571030640668524,6.685236768802229,66.29526462395543
R000619,Michael Rulli,127,12.0,0.0,34.0,9.448818897637794,0.0,26.77165354330709
R000620,Luz Rivas,23,2.0,5.0,15.0,8.695652173913043,21.73913043478261,65.21739130434783
R000621,Emily Randall,18,0.0,1.0,14.0,0.0,5.555555555555555,77.77777777777779
R000622,Josh Riley,18,0.0,1.0,4.0,0.0,5.555555555555555,22.22222222222222
S000033,Bernard Sanders,2351,108.0,87.0,1365.0,4.593789876648235,3.7005529561888557,58.060399829859634
S000148,Charles Schumer,3191,373.0,189.0,1845.0,11.689125665935443,5.9229081792541525,57.81886555938577
S000168,Maria Salazar,511,23.0,24.0,310.0,4.500978473581213,4.6966731898238745,60.665362035225044
S000185,Robert Scott,463,10.0,17.0,274.0,2.159827213822894,3.6717062634989204,59.179265658747305
S000250,Pete Sessions,352,1.0,22.0,202.0,0.2840909090909091,6.25,57.38636363636363
S000344,Brad Sherman,697,34.0,31.0,420.0,4.878048780487805,4.447632711621234,60.258249641319935
S000510,Adam Smith,655,39.0,15.0,362.0,5.9541984732824424,2.2900763358778624,55.267175572519086
S000522,Christopher Smith,151,2.0,4.0,84.0,1.3245033112582782,2.6490066225165565,55.62913907284768
S000929,Victoria Spartz,170,16.0,6.0,77.0,9.411764705882353,3.5294117647058822,45.294117647058826
S001145,Janice Schakowsky,356,25.0,14.0,250.0,7.02247191011236,3.932584269662921,70.2247191011236
S001148,Michael Simpson,534,0.0,28.0,304.0,0.0,5.2434456928838955,56.92883895131086
S001150,Adam Schiff,1292,239.0,39.0,595.0,18.4984520123839,3.018575851393189,46.05263157894737
S001156,Linda Sánchez,186,16.0,13.0,114.0,8.60215053763441,6.989247311827956,61.29032258064516
S001157,David Scott,31,0.0,4.0,20.0,0.0,12.903225806451612,64.51612903225806
S001159,Marilyn Strickland,311,46.0,26.0,171.0,14.790996784565916,8.360128617363344,54.983922829581985
S001172,Adrian Smith,356,4.0,43.0,255.0,1.1235955056179776,12.07865168539326,71.62921348314607
S001176,Steve Scalise,626,9.0,24.0,258.0,1.4376996805111821,3.8338658146964857,41.21405750798722
S001181,Jeanne Shaheen,1103,37.0,118.0,912.0,3.3544877606527654,10.698096101541251,82.68359020852222
S001183,David Schweikert,2239,39.0,51.0,1165.0,1.7418490397498883,2.2778025904421617,52.03215721304154
S001184,Tim Scott,529,4.0,43.0,298.0,0.7561436672967864,8.128544423440454,56.33270321361059
S001185,Terri Sewell,429,15.0,24.0,250.0,3.4965034965034967,5.594405594405594,58.27505827505828
S001188,Marlin Stutzman,64,2.0,0.0,28.0,3.125,0.0,43.75
S001189,Austin Scott,268,1.0,23.0,152.0,0.3731343283582089,8.582089552238806,56.71641791044776
S001190,Bradley Schneider,444,19.0,21.0,236.0,4.2792792792792795,4.72972972972973,53.153153153153156
S001193,Eric Swalwell,304,54.0,6.0,96.0,17.763157894736842,1.9736842105263157,31.57894736842105
S001194,Brian Schatz,865,65.0,62.0,458.0,7.514450867052023,7.167630057803469,52.947976878612714
S001195,Jason Smith,780,12.0,42.0,555.0,1.5384615384615385,5.384615384615385,71.15384615384616
S001196,Elise Stefanik,161,3.0,2.0,79.0,1.8633540372670807,1.2422360248447204,49.06832298136646
S001198,Dan Sullivan,910,29.0,42.0,370.0,3.1868131868131866,4.615384615384616,40.65934065934066
S001199,Lloyd Smucker,459,0.0,42.0,211.0,0.0,9.15032679738562,45.969498910675384
S001200,Darren Soto,1028,42.0,49.0,688.0,4.085603112840467,4.766536964980545,66.9260700389105
S001201,Thomas Suozzi,424,6.0,104.0,216.0,1.4150943396226416,24.528301886792452,50.943396226415096
S001203,Tina Smith,642,71.0,41.0,378.0,11.059190031152648,6.386292834890965,58.87850467289719
S001205,Mary Scanlon,296,19.0,15.0,181.0,6.418918918918918,5.0675675675675675,61.14864864864865
S001207,Mikie Sherrill,277,13.0,24.0,180.0,4.693140794223827,8.664259927797833,64.98194945848375
S001208,Elissa Slotkin,565,21.0,60.0,327.0,3.7168141592920354,10.619469026548673,57.876106194690266
S001211,Greg Stanton,645,10.0,73.0,417.0,1.550387596899225,11.317829457364342,64.65116279069767
S001212,Pete Stauber,428,9.0,25.0,269.0,2.102803738317757,5.841121495327103,62.850467289719624
S001213,Bryan Steil,410,1.0,22.0,224.0,0.24390243902439024,5.365853658536586,54.63414634146342
S001214,W. Steube,636,15.0,30.0,447.0,2.358490566037736,4.716981132075472,70.28301886792453
S001215,Haley Stevens,691,5.0,73.0,363.0,0.723589001447178,10.5643994211288,52.532561505065125
S001216,Kim Schrier,330,16.0,28.0,208.0,4.848484848484849,8.484848484848486,63.030303030303024
S001217,Rick Scott,1548,60.0,97.0,1007.0,3.875968992248062,6.266149870801034,65.05167958656331
S001218,Melanie Stansbury,636,37.0,30.0,325.0,5.817610062893082,4.716981132075472,51.100628930817614
S001220,Dale Strong,202,1.0,20.0,158.0,0.49504950495049505,9.900990099009901,78.21782178217822
S001221,Hillary Scholten,970,8.0,66.0,552.0,0.8247422680412372,6.804123711340206,56.90721649484536
S001223,Emilia Sykes,993,3.0,50.0,614.0,0.3021148036253776,5.0352467270896275,61.83282980866063
S001224,Keith Self,750,35.0,9.0,351.0,4.666666666666667,1.2,46.800000000000004
S001225,Eric Sorensen,178,0.0,12.0,113.0,0.0,6.741573033707865,63.48314606741573
S001226,Andrea Salinas,468,24.0,51.0,303.0,5.128205128205128,10.897435897435898,64.74358974358975
S001227,Eric Schmitt,436,8.0,12.0,233.0,1.834862385321101,2.7522935779816518,53.44036697247706
S001228,Derek Schmidt,177,4.0,16.0,120.0,2.2598870056497176,9.03954802259887,67.79661016949152
S001229,Jefferson Shreve,98,0.0,1.0,64.0,0.0,1.0204081632653061,65.3061224489796
S001230,Suhas Subramanyam,179,6.0,3.0,67.0,3.35195530726257,1.675977653631285,37.43016759776536
S001231,Lateefah Simon,49,0.0,6.0,31.0,0.0,12.244897959183673,63.26530612244898
S001232,Tim Sheehy,23,0.0,2.0,18.0,0.0,8.695652173913043,78.26086956521739
T000165,Thomas Tiffany,897,40.0,30.0,596.0,4.459308807134894,3.3444816053511706,66.44370122630993
T000193,Bennie Thompson,376,13.0,5.0,141.0,3.4574468085106385,1.3297872340425532,37.5
T000250,John Thune,2136,6.0,165.0,1066.0,0.2808988764044944,7.724719101123595,49.9063670411985
T000278,Tommy Tuberville,1540,37.0,64.0,888.0,2.4025974025974026,4.1558441558441555,57.66233766233766
T000460,Mike Thompson,523,5.0,19.0,298.0,0.9560229445506693,3.632887189292543,56.97896749521989
T000463,Michael Turner,111,2.0,11.0,49.0,1.8018018018018018,9.90990990990991,44.14414414414414
T000467,Glenn Thompson,536,1.0,46.0,324.0,0.18656716417910446,8.582089552238806,60.447761194029844
T000468,Dina Titus,548,20.0,28.0,426.0,3.64963503649635,5.109489051094891,77.73722627737226
T000469,Paul Tonko,906,58.0,38.0,622.0,6.401766004415011,4.194260485651214,68.65342163355407
T000472,Mark Takano,324,17.0,24.0,216.0,5.246913580246913,7.4074074074074066,66.66666666666666
T000474,Norma Torres,263,12.0,14.0,192.0,4.562737642585551,5.323193916349809,73.00380228136882
T000476,Thom Tillis,444,15.0,22.0,205.0,3.3783783783783785,4.954954954954955,46.171171171171174
T000478,Claudia Tenney,1092,27.0,48.0,796.0,2.4725274725274726,4.395604395604396,72.89377289377289
T000480,William Timmons,239,3.0,10.0,135.0,1.2552301255230125,4.184100418410042,56.48535564853556
T000481,Rashida Tlaib,1011,21.0,12.0,674.0,2.0771513353115725,1.1869436201780417,66.66666666666666
T000482,Lori Trahan,507,25.0,27.0,292.0,4.930966469428008,5.325443786982249,57.59368836291914
T000486,Ritchie Torres,222,11.0,6.0,107.0,4.954954954954955,2.7027027027027026,48.1981981981982
T000487,Jill Tokuda,210,6.0,13.0,110.0,2.857142857142857,6.190476190476191,52.38095238095239
T000488,Shri Thanedar,297,25.0,13.0,158.0,8.417508417508419,4.377104377104377,53.198653198653204
T000490,David Taylor,56,0.0,2.0,14.0,0.0,3.571428571428571,25.0
T000491,Derek Tran,51,2.0,7.0,26.0,3.9215686274509802,13.725490196078432,50.98039215686274
U000040,Lauren Underwood,75,1.0,2.0,30.0,1.3333333333333335,2.666666666666667,40.0
V000081,Nydia Velázquez,302,12.0,26.0,195.0,3.9735099337748347,8.609271523178808,64.56953642384106
V000128,Chris Van Hollen,1342,199.0,68.0,856.0,14.828614008941878,5.067064083457526,63.785394932935915
V000129,David Valadao,763,0.0,105.0,375.0,0.0,13.761467889908257,49.1480996068152
V000130,Juan Vargas,399,14.0,33.0,277.0,3.508771929824561,8.270676691729323,69.42355889724311
V000131,Marc Veasey,238,27.0,5.0,104.0,11.344537815126051,2.100840336134454,43.69747899159664
V000133,Jefferson Van Drew,304,8.0,11.0,205.0,2.631578947368421,3.618421052631579,67.43421052631578
V000134,Beth Van Duyne,814,17.0,24.0,457.0,2.0884520884520885,2.9484029484029484,56.14250614250614
V000135,Derrick Van Orden,115,2.0,8.0,77.0,1.7391304347826086,6.956521739130435,66.95652173913044
V000136,Gabriel (Gabe) Vasquez,605,3.0,37.0,330.0,0.49586776859504134,6.115702479338843,54.54545454545454
V000138,Eugene Vindman,150,7.0,11.0,88.0,4.666666666666667,7.333333333333333,58.666666666666664
W000187,Maxine Waters,170,7.0,5.0,103.0,4.117647058823529,2.941176470588235,60.588235294117645
W000437,Roger Wicker,915,13.0,55.0,537.0,1.4207650273224044,6.0109289617486334,58.68852459016394
W000779,Ron Wyden,863,82.0,72.0,590.0,9.501738122827346,8.342989571263036,68.36616454229433
W000788,Nikema Williams,356,25.0,15.0,213.0,7.02247191011236,4.213483146067416,59.8314606741573
W000790,Raphael Warnock,771,34.0,43.0,438.0,4.409857328145266,5.577172503242543,56.809338521400775
W000795,Joe Wilson,949,61.0,17.0,595.0,6.42781875658588,1.7913593256059008,62.697576396206536
W000797,Debbie Wasserman Schultz,545,54.0,38.0,332.0,9.908256880733946,6.972477064220184,60.91743119266055
W000798,Tim Walberg,438,1.0,27.0,296.0,0.228310502283105,6.164383561643835,67.57990867579909
W000800,Peter Welch,1566,151.0,105.0,957.0,9.642401021711366,6.704980842911877,61.111111111111114
W000802,Sheldon Whitehouse,2795,335.0,118.0,1541.0,11.985688729874775,4.221824686940966,55.13416815742397
W000804,Robert Wittman,1079,1.0,160.0,720.0,0.09267840593141798,14.828544949026876,66.72845227062095
W000805,Mark Warner,820,79.0,53.0,504.0,9.634146341463415,6.463414634146342,61.46341463414634
W000806,Daniel Webster,448,0.0,15.0,323.0,0.0,3.3482142857142856,72.09821428571429
W000808,Frederica Wilson,267,10.0,12.0,122.0,3.7453183520599254,4.49438202247191,45.69288389513109
W000809,Steve Womack,483,0.0,31.0,303.0,0.0,6.418219461697723,62.732919254658384
W000812,Ann Wagner,329,4.0,27.0,219.0,1.21580547112462,8.206686930091186,66.56534954407294
W000814,Randy Weber,920,29.0,21.0,607.0,3.152173913043478,2.282608695652174,65.97826086956522
W000816,Roger Williams,377,3.0,24.0,190.0,0.7957559681697612,6.36604774535809,50.397877984084886
W000817,Elizabeth Warren,1504,218.0,82.0,1051.0,14.49468085106383,5.452127659574469,69.88031914893617
W000821,Bruce Westerman,880,1.0,69.0,545.0,0.11363636363636363,7.840909090909092,61.93181818181818
W000822,Bonnie Watson Coleman,608,63.0,21.0,345.0,10.361842105263158,3.453947368421053,56.74342105263158
W000829,Tony Wied,254,0.0,24.0,158.0,0.0,9.448818897637794,62.20472440944882
W000830,George Whitesides,27,1.0,0.0,19.0,3.7037037037037033,0.0,70.37037037037037
Y000064,Todd Young,589,3.0,75.0,393.0,0.5093378607809848,12.73344651952462,66.723259762309
Y000067,Rudy Yakym,610,14.0,26.0,296.0,2.2950819672131146,4.2622950819672125,48.52459016393443
Z000018,Ryan Zinke,206,1.0,15.0,127.0,0.48543689320388345,7.281553398058252,61.6504854368932
