congress,chamber,icpsr,state_icpsr,district_code,state_abbrev,party_code,occupancy,last_means,bioname,bioguide_id,born,died,nominate_dim1,nominate_dim2,nominate_log_likelihood,nominate_geo_mean_probability,nominate_number_of_votes,nominate_number_of_errors,conditional,nokken_poole_dim1,nokken_poole_dim2
119,House,20301,41,3,AL,200,,,"ROGERS, Mike Dennis",R000575,1958,,0.379,0.377,-0.10033,0.99857,70,0,,0.361,0.714
119,House,21102,41,7,AL,100,,,"SEWELL, Terri",S001185,1965,,-0.401,0.393,-7.48625,0.89857,70,6,,-0.313,0.198
119,House,21500,41,6,AL,200,,,"PALMER, Gary James",P000609,1954,,0.677,0.113,-3.11399,0.95709,71,2,,0.479,-0.108
119,House,22140,41,1,AL,200,,,"MOORE, Barry",M001212,1966,,0.642,-0.247,-2.64673,0.96391,72,1,,0.708,-0.297
119,House,22366,41,5,AL,200,,,"STRONG, Dale",S001220,1970,,0.621,0.363,-0.93004,0.9868,70,0,,0.362,0.713
119,House,22515,41,2,AL,100,,,"FIGURES, Shomari",F000481,1985,,-0.375,0.519,-6.3513,0.91326,70,2,,-0.375,0.518
119,House,29701,41,4,AL,200,,,"ADERHOLT, Robert",A000055,1965,,0.405,0.467,-0.09709,0.99863,71,0,,0.361,0.713
119,House,22503,81,1,AK,200,,,"BEGICH, Nicholas J., III",B001323,1977,,0.482,-0.098,-1.9827,0.97167,69,1,,0.479,-0.106
119,House,21995,93,0,AS,200,,,"RADEWAGEN, Aumua Amata Coleman",R000600,1947,,0.325,0.186,,,,,,,
119,House,20305,61,7,AZ,100,,,"GRIJALVA, Raúl M.",G000551,1948,,-0.598,-0.264,-0.0,1.0,1,0,,-0.895,0.129
119,House,21103,61,9,AZ,200,,,"GOSAR, Paul",G000565,1958,,0.702,-0.515,-2.49138,0.96454,69,1,,0.677,-0.556
119,House,21105,61,1,AZ,200,,,"SCHWEIKERT, David",S001183,1962,,0.555,-0.225,-2.76298,0.96235,72,2,,0.583,-0.127
119,House,21705,61,5,AZ,200,,,"BIGGS, Andrew S.",B001302,1958,,0.818,-0.575,-5.22169,0.92608,68,1,,0.728,-0.686
119,House,21968,61,4,AZ,100,,,"STANTON, Greg",S001211,1970,,-0.277,0.262,-4.28756,0.93975,69,1,,-0.199,0.167
119,House,22309,61,6,AZ,200,,,"CISCOMANI, Juan",C001133,1982,,0.289,0.717,-0.12782,0.99812,68,0,,0.361,0.712
119,House,22311,61,2,AZ,200,,,"CRANE, Eli",C001132,1980,,0.744,-0.668,-1.21134,0.98332,72,0,,0.866,-0.501
119,House,22500,61,3,AZ,100,,,"ANSARI, Yassamin",A000381,1992,,-0.677,0.736,-2.48666,0.96357,67,2,,-0.678,0.735
119,House,22522,61,8,AZ,200,,,"HAMADEH, Abraham J.",H001098,1991,,0.571,0.228,-1.29921,0.98212,72,1,,0.571,0.227
119,House,21106,42,1,AR,200,,,"CRAWFORD, Rick",C001087,1966,,0.46,0.309,-0.25191,0.99641,70,0,,0.361,0.713
119,House,21108,42,3,AR,200,,,"WOMACK, Steve",W000809,1957,,0.348,0.636,-0.05396,0.99925,72,0,,0.362,0.713
119,House,21503,42,2,AR,200,,,"HILL, French",H001072,1956,,0.437,0.271,-0.2277,0.9968,71,0,,0.362,0.713
119,House,21563,42,4,AR,200,,,"WESTERMAN, Bruce Eugene",W000821,1967,,0.546,0.253,-0.64913,0.99102,72,0,,0.362,0.713
119,House,15448,71,11,CA,100,,,"PELOSI, Nancy",P000197,1940,,-0.49,-0.181,-0.33863,0.99351,52,0,,-0.603,-0.526
119,House,20107,71,48,CA,200,,,"ISSA, Darrell",I000056,1953,,0.478,0.022,-0.76359,0.98915,70,0,,0.362,0.713
119,House,20310,71,38,CA,100,,,"SÁNCHEZ, Linda T.",S001156,1969,,-0.508,-0.131,-0.40408,0.99432,71,0,,-0.579,-0.539
119,House,20501,71,21,CA,100,,,"COSTA, Jim",C001059,1952,,-0.198,0.449,-15.39631,0.80256,70,8,,-0.393,0.919
119,House,20538,71,7,CA,100,,,"MATSUI, Doris",M001163,1944,,-0.433,-0.141,-2.74735,0.96256,72,1,,-0.606,0.317
119,House,20903,71,5,CA,200,,,"McCLINTOCK, Tom",M001177,1956,,0.672,-0.368,-9.68095,0.87254,71,5,,0.793,0.609
119,House,20955,71,28,CA,100,,,"CHU, Judy",C001080,1953,,-0.482,-0.371,-3.38073,0.9535,71,1,,-0.661,0.544
119,House,20958,71,8,CA,100,,,"GARAMENDI, John",G000559,1945,,-0.313,-0.095,-3.53258,0.94091,58,2,,-0.593,-0.495
119,House,21302,71,1,CA,200,,,"LaMALFA, Doug",L000578,1960,,0.541,0.01,-1.34236,0.98045,68,0,,0.36,0.708
119,House,21303,71,2,CA,100,,,"HUFFMAN, Jared",H001068,1964,,-0.431,-0.512,-0.36155,0.99499,72,0,,-0.591,-0.53
119,House,21304,71,6,CA,100,,,"BERA, Ami",B001287,1965,,-0.245,0.011,-9.63615,0.86787,68,7,,-0.226,-0.599
119,House,21306,71,14,CA,100,,,"SWALWELL, Eric",S001193,1980,,-0.355,-0.047,-5.6962,0.91731,66,4,,-0.296,0.025
119,House,21307,71,22,CA,200,,,"VALADAO, David G.",V000129,1977,,0.258,0.438,-0.2511,0.99637,69,0,,0.362,0.713
119,House,21308,71,26,CA,100,,,"BROWNLEY, Julia",B001285,1952,,-0.302,0.052,-5.62904,0.92166,69,1,,-0.312,-0.726
119,House,21311,71,25,CA,100,,,"RUIZ, Raul",R000599,1972,,-0.258,0.047,-8.24432,0.8889,70,4,,-0.649,0.721
119,House,21312,71,39,CA,100,,,"TAKANO, Mark",T000472,1960,,-0.46,-0.327,-0.28547,0.99593,70,0,,-0.597,-0.431
119,House,21314,71,52,CA,100,,,"VARGAS, Juan",V000130,1961,,-0.396,0.024,-3.85419,0.94716,71,1,,-0.738,0.561
119,House,21315,71,50,CA,100,,,"PETERS, Scott",P000608,1958,,-0.193,-0.031,-9.70472,0.87224,71,6,,-0.389,0.258
119,House,21504,71,10,CA,100,,,"DESAULNIER, Mark James",D000623,1952,,-0.512,-0.364,-0.16218,0.99751,65,0,,-0.567,-0.55
119,House,21506,71,33,CA,100,,,"AGUILAR, Peter Rey",A000371,1979,,-0.321,0.142,-6.2133,0.91621,71,3,,-0.655,0.724
119,House,21507,71,36,CA,100,,,"LIEU, Ted",L000582,1969,,-0.374,-0.208,-4.3225,0.94094,71,2,,-0.655,0.724
119,House,21508,71,35,CA,100,,,"TORRES, Norma Judith",T000474,1965,,-0.369,0.068,-3.85452,0.94716,71,2,,-0.314,-0.153
119,House,21703,71,44,CA,100,,,"BARRAGÁN, Nanette Diaz",B001300,1976,,-0.501,-0.121,-0.48383,0.99258,65,0,,-0.591,-0.529
119,House,21709,71,24,CA,100,,,"CARBAJAL, Salud",C001112,1964,,-0.324,0.107,-5.03076,0.93251,72,3,,-0.422,0.21
119,House,21711,71,46,CA,100,,,"CORREA, Jose Luis",C001110,1958,,-0.284,0.153,-9.08058,0.86962,65,5,,-0.514,0.61
119,House,21728,71,17,CA,100,,,"KHANNA, Rohit",K000389,1976,,-0.464,-0.304,-6.77972,0.90893,71,2,,-0.384,-0.041
119,House,21740,71,19,CA,100,,,"PANETTA, James Varni",P000613,1969,,-0.29,0.181,-6.59211,0.91251,72,4,,-0.354,0.357
119,House,21754,71,34,CA,100,,,"GOMEZ, Jimmy",G000585,1974,,-0.536,-0.263,-5.53284,0.9184,65,2,,-0.619,0.556
119,House,21907,71,31,CA,100,,,"CISNEROS, Gil",C001123,1971,,-0.45,0.677,-6.4122,0.91365,71,3,,-0.737,0.559
119,House,21930,71,9,CA,100,,,"HARDER, Josh",H001090,1986,,-0.307,0.488,-7.40781,0.90092,71,3,,-0.163,0.007
119,House,21939,71,49,CA,100,,,"LEVIN, Mike",L000593,1978,,-0.322,0.17,-6.59654,0.91245,72,4,,-0.298,0.35
119,House,22126,71,51,CA,100,,,"JACOBS, Sara",J000305,1989,,-0.4,-0.436,-0.63928,0.99116,72,0,,-0.591,-0.53
119,House,22129,71,40,CA,200,,,"KIM, Young",K000397,1962,,0.255,0.374,-0.3177,0.9956,72,0,,0.362,0.713
119,House,22145,71,23,CA,200,,,"OBERNOLTE, Jay",O000019,1970,,0.317,0.284,-0.15077,0.99788,71,0,,0.362,0.713
119,House,22323,71,42,CA,100,,,"GARCIA, Robert",G000598,1977,,-0.382,-0.614,-3.30513,0.95187,67,1,,-0.608,0.268
119,House,22333,71,37,CA,100,,,"KAMLAGER-DOVE, Sydney",K000400,1972,,-0.546,-0.472,-3.22743,0.95365,68,1,,-0.665,0.494
119,House,22336,71,3,CA,200,,,"KILEY, Kevin",K000401,1985,,0.252,0.421,-3.031,0.95878,72,1,,0.267,0.017
119,House,22354,71,15,CA,100,,,"MULLIN, Kevin",M001225,1970,,-0.474,-0.03,-2.36368,0.95383,50,1,,-0.56,0.288
119,House,22378,71,20,CA,200,,,"FONG, Vince",F000480,1979,,0.461,0.844,-0.00249,0.99996,61,0,,0.463,0.667
119,House,22516,71,30,CA,100,,,"FRIEDMAN, Laura",F000483,1966,,-0.458,0.396,-3.55459,0.95117,71,3,,-0.458,0.396
119,House,22521,71,13,CA,100,,,"GRAY, Adam",G000605,1977,,-0.244,0.97,-5.75087,0.92323,72,0,,-0.237,0.972
119,House,22532,71,16,CA,100,,,"LICCARDO, Sam T.",L000607,1970,,-0.39,0.066,-4.79054,0.93563,72,3,,-0.39,0.066
119,House,22541,71,47,CA,100,,,"MIN, Dave",M001241,1976,,-0.178,-0.286,-6.57092,0.91161,71,5,,-0.175,-0.293
119,House,22550,71,29,CA,100,,,"RIVAS, Luz M.",R000620,1974,,-0.595,-0.513,-0.09748,0.99861,70,0,,-0.595,-0.513
119,House,22553,71,12,CA,100,,,"SIMON, Lateefah",S001231,1977,,-0.608,0.252,-1.93206,0.97278,70,1,,-0.608,0.252
119,House,22556,71,45,CA,100,,,"TRAN, Derek",T000491,1980,,-0.193,0.007,-6.72129,0.91087,72,3,,-0.188,-0.005
119,House,22559,71,27,CA,100,,,"WHITESIDES, George",W000830,1974,,-0.182,0.095,-3.64778,0.9446,64,1,,-0.175,0.08
119,House,29106,71,43,CA,100,,,"WATERS, Maxine",W000187,1938,,-0.656,-0.095,-3.12298,0.95511,68,1,,-0.604,0.317
119,House,29323,71,41,CA,200,,,"CALVERT, Ken",C000059,1953,,0.339,0.276,-0.13494,0.99813,72,0,,0.362,0.713
119,House,29504,71,18,CA,100,,,"LOFGREN, Zoe",L000397,1947,,-0.398,-0.405,-4.44533,0.93847,70,2,,-0.444,0.289
119,House,29707,71,32,CA,100,,,"SHERMAN, Brad",S000344,1954,,-0.343,-0.136,-6.68475,0.90368,66,4,,-0.441,0.409
119,House,29901,71,4,CA,100,,,"THOMPSON, Michael",T000460,1951,,-0.393,0.07,-3.5248,0.95222,72,2,,-0.397,0.001
119,House,21912,62,6,CO,100,,,"CROW, Jason",C001121,1979,,-0.347,0.199,-5.76494,0.92305,72,2,,-0.313,-0.72
119,House,21948,62,2,CO,100,,,"NEGUSE, Joseph",N000191,1984,,-0.428,-0.109,-1.10376,0.98479,72,0,,-0.591,-0.53
119,House,22103,62,4,CO,200,,,"BOEBERT, Lauren",B000825,1986,,0.736,-0.5,-2.65524,0.96278,70,2,,0.681,-0.679
119,House,22359,62,7,CO,100,,,"PETTERSEN, Brittany",P000620,1981,,-0.36,0.33,-2.5803,0.90552,26,2,,-0.541,0.35
119,House,22509,62,5,CO,200,,,"CRANK, Jeff",C001137,1967,,0.819,0.309,-2.32245,0.96826,72,1,,0.819,0.309
119,House,22513,62,8,CO,200,,,"EVANS, Gabe",E000300,1986,,0.362,0.714,-0.0524,0.99927,72,0,,0.362,0.713
119,House,22526,62,3,CO,200,,,"HURD, Jeff",H001100,1979,,0.362,0.714,-0.0524,0.99927,72,0,,0.362,0.713
119,House,29710,62,1,CO,100,,,"DeGETTE, Diana",D000197,1957,,-0.431,-0.308,-0.60217,0.99167,72,0,,-0.591,-0.53
119,House,20706,1,2,CT,100,,,"COURTNEY, Joe",C001069,1953,,-0.337,0.04,-8.60862,0.88731,72,4,,-0.199,-0.154
119,House,20907,1,4,CT,100,,,"HIMES, James A.",H001047,1966,,-0.241,-0.208,-6.21019,0.91625,71,2,,-0.174,-0.458
119,House,21931,1,5,CT,100,,,"HAYES, Jahana",H001081,1973,,-0.318,-0.054,-8.18472,0.89255,72,5,,-0.337,0.108
119,House,29109,1,3,CT,100,,,"DeLAURO, Rosa L.",D000216,1943,,-0.414,-0.107,-5.95489,0.91955,71,2,,-0.273,-0.452
119,House,29908,1,1,CT,100,,,"LARSON, John B.",L000557,1948,,-0.396,-0.038,-3.47718,0.94943,67,2,,-0.397,0.001
119,House,22535,11,1,DE,100,,,"MCBRIDE, Sarah",M001238,1990,,-0.261,-0.266,-4.22891,0.94218,71,2,,-0.261,-0.268
119,House,21993,55,0,DC,100,,,"NORTON, Eleanor Holmes",N000147,1937,,-0.491,-0.114,-0.00026,0.99987,2,0,,0.0,0.0
119,House,20316,43,26,FL,200,,,"DIAZ-BALART, Mario",D000600,1961,,0.281,0.158,-0.41776,0.99317,61,0,,0.361,0.717
119,House,20504,43,25,FL,100,,,"WASSERMAN SCHULTZ, Debbie",W000797,1966,,-0.415,0.103,-6.58377,0.91261,72,3,,-0.504,0.605
119,House,20708,43,14,FL,100,,,"CASTOR, Kathy",C001066,1966,,-0.438,0.071,-1.67426,0.97701,72,0,,-0.591,-0.53
119,House,20709,43,16,FL,200,,,"BUCHANAN, Vernon G.",B001260,1951,,0.361,-0.084,-0.66312,0.99,66,0,,0.361,0.712
119,House,20758,43,12,FL,200,,,"BILIRAKIS, Gus",B001257,1963,,0.423,-0.032,-0.63574,0.99109,71,0,,0.362,0.713
119,House,21116,43,11,FL,200,,,"WEBSTER, Daniel A.",W000806,1949,,0.522,-0.077,-1.53648,0.97798,69,1,,0.361,0.713
119,House,21118,43,24,FL,100,,,"WILSON, Frederica",W000808,1942,,-0.478,-0.006,-0.55523,0.98938,52,0,,-0.584,-0.552
119,House,21321,43,22,FL,100,,,"FRANKEL, Lois",F000462,1948,,-0.397,-0.026,-5.03091,0.93065,70,3,,-0.483,0.462
119,House,21714,43,2,FL,200,,,"DUNN, Neal Patrick",D000628,1953,,0.507,0.334,-0.36324,0.99497,72,0,,0.362,0.713
119,House,21735,43,21,FL,200,,,"MAST, Brian Jeffery",M001199,1980,,0.463,-0.35,-3.26045,0.95573,72,2,,0.583,-0.127
119,House,21744,43,5,FL,200,,,"RUTHERFORD, John Henry",R000609,1952,,0.432,0.068,-0.44861,0.99379,72,0,,0.362,0.713
119,House,21746,43,9,FL,100,,,"SOTO, Darren Michael",S001200,1978,,-0.348,0.193,-5.46307,0.92693,72,2,,-0.338,0.186
119,House,21971,43,17,FL,200,,,"STEUBE, William",S001214,1978,,0.69,-0.338,-7.06084,0.90405,70,3,,0.69,-0.64
119,House,21981,43,6,FL,200,,,"WALTZ, Michael",W000823,1974,,0.452,-0.113,-0.00399,0.99934,6,0,,0.682,0.732
119,House,22107,43,3,FL,200,,,"CAMMACK, Kat",C001039,1988,,0.59,-0.232,-2.15319,0.97054,72,0,,0.564,-0.306
119,House,22111,43,19,FL,200,,,"DONALDS, Byron",D000032,1978,,0.646,-0.269,-8.21683,0.88458,67,2,,0.474,-0.521
119,House,22116,43,18,FL,200,,,"FRANKLIN, C. Scott",F000472,1964,,0.623,0.184,-2.74146,0.96212,71,1,,0.804,0.595
119,House,22118,43,28,FL,200,,,"GIMENEZ, Carlos A.",G000593,1954,,0.331,0.134,-0.27327,0.99605,69,0,,0.362,0.714
119,House,22150,43,27,FL,200,,,"SALAZAR, Maria Elvira",S000168,1961,,0.272,0.16,-0.48791,0.99305,70,0,,0.361,0.713
119,House,22163,43,20,FL,100,,,"CHERFILUS-MCCORMICK, Sheila",C001127,1979,,-0.46,-0.018,-4.54537,0.93799,71,2,,-0.473,0.334
119,House,22302,43,4,FL,200,,,"BEAN, Aaron",B001314,1967,,0.676,-0.152,-4.61189,0.93795,72,2,,0.692,-0.439
119,House,22321,43,10,FL,100,,,"FROST, Maxwell",F000476,1997,,-0.428,-0.707,-0.26343,0.9963,71,0,,-0.605,-0.589
119,House,22341,43,15,FL,200,,,"LEE, Laurel",L000597,1974,,0.408,0.154,-0.27311,0.99621,72,0,,0.362,0.713
119,House,22343,43,13,FL,200,,,"LUNA, Anna",L000596,1989,,0.567,-0.498,-8.93668,0.87336,66,5,,0.478,-0.343
119,House,22350,43,7,FL,200,,,"MILLS, Cory",M001216,1980,,0.6,-0.306,-2.25166,0.96789,69,0,,0.564,-0.306
119,House,22353,43,23,FL,100,,,"MOSKOWITZ, Jared",M001217,1980,,-0.229,0.317,-14.01993,0.82306,72,5,,-0.214,0.441
119,House,22523,43,8,FL,200,,,"HARIDOPOLOS, Mike",H001099,1970,,0.482,-0.099,-1.98246,0.97246,71,1,,0.479,-0.107
119,House,22562,43,6,FL,200,,,"FINE, Randy",F000484,1974,,,,,,,,,0.694,0.72
119,House,22563,43,1,FL,200,,,"PATRONIS, Jimmy",P000622,1972,,,,,,,,,0.694,0.72
119,House,20321,44,13,GA,100,,,"SCOTT, David",S001157,1945,,-0.304,0.169,-5.52953,0.92405,70,4,,-0.342,-0.52
119,House,20712,44,4,GA,100,,,"JOHNSON, Hank",J000288,1954,,-0.476,-0.055,-0.6847,0.98983,67,0,,-0.579,-0.539
119,House,21123,44,8,GA,200,,,"SCOTT, Austin",S001189,1969,,0.535,0.368,-0.428,0.9939,70,0,,0.361,0.713
119,House,21513,44,1,GA,200,,,"CARTER, Buddy",C001103,1957,,0.556,0.345,-0.55152,0.99237,72,0,,0.362,0.713
119,House,21515,44,11,GA,200,,,"LOUDERMILK, Barry D.",L000583,1963,,0.679,0.022,-3.87879,0.9461,70,4,,0.362,0.713
119,House,21516,44,12,GA,200,,,"ALLEN, Rick W.",A000372,1951,,0.69,0.277,-2.18652,0.96925,70,1,,0.361,0.713
119,House,21944,44,6,GA,100,,,"McBATH, Lucy",M001208,1960,,-0.351,0.275,-7.46336,0.89459,67,5,,-0.428,0.614
119,House,22110,44,9,GA,200,,,"CLYDE, Andrew S.",C001116,1963,,0.817,-0.139,-3.23307,0.95609,72,2,,0.692,-0.439
119,House,22121,44,14,GA,200,,,"GREENE, Marjorie Taylor",G000596,1974,,0.8,-0.6,-5.7531,0.9211,70,3,,0.708,-0.297
119,House,22156,44,5,GA,100,,,"WILLIAMS, Nikema",W000788,1978,,-0.427,-0.416,-0.47199,0.99347,72,0,,-0.591,-0.53
119,House,22310,44,10,GA,200,,,"COLLINS, Mike",C001129,1967,,0.661,-0.27,-2.97314,0.95955,72,2,,0.572,-0.466
119,House,22346,44,7,GA,200,,,"MCCORMICK, Rich",M001218,1968,,0.889,0.459,-2.36057,0.9673,71,0,,0.75,0.004
119,House,22527,44,3,GA,200,,,"JACK, Brian",J000311,1988,,0.566,-0.3,-2.11851,0.971,72,0,,0.564,-0.306
119,House,29339,44,2,GA,100,,,"BISHOP, Sanford Dixon, Jr.",B000490,1947,,-0.287,0.446,-10.01158,0.86673,70,5,,-0.242,0.131
119,House,22373,94,0,GU,200,,,"MOYLAN, James",M001219,1962,,0.443,0.431,,,,,,,
119,House,20322,82,1,HI,100,,,"CASE, Ed",C001055,1952,,-0.204,-0.078,-11.32361,0.85258,71,7,,-0.177,-0.666
119,House,22369,82,2,HI,100,,,"TOKUDA, Jill",T000487,1976,,-0.469,-0.37,-0.31413,0.99565,72,0,,-0.591,-0.53
119,House,21920,63,1,ID,200,,,"FULCHER, Russell",F000469,1962,,0.645,-0.088,-4.71802,0.93657,72,2,,0.953,0.303
119,House,29910,63,2,ID,200,,,"SIMPSON, Michael K.",S001148,1950,,0.296,0.312,-0.17224,0.99758,71,0,,0.362,0.713
119,House,20749,21,11,IL,100,,,"FOSTER, Bill",F000454,1955,,-0.237,-0.222,-4.29091,0.94215,72,1,,-0.271,-0.605
119,House,20954,21,5,IL,100,,,"QUIGLEY, Mike",Q000023,1958,,-0.326,-0.231,-2.43412,0.96582,70,1,,-0.262,-0.588
119,House,21326,21,10,IL,100,,,"SCHNEIDER, Brad",S001190,1961,,-0.195,-0.119,-9.47645,0.86434,65,5,,-0.481,0.578
119,House,21371,21,2,IL,100,,,"KELLY, Robin L.",K000385,1956,,-0.472,-0.02,-0.89941,0.98723,70,0,,-0.604,-0.548
119,House,21519,21,12,IL,200,,,"BOST, Mike",B001295,1960,,0.398,-0.031,-0.56481,0.99219,72,0,,0.362,0.713
119,House,21562,21,16,IL,200,,,"LaHOOD, Darin",L000585,1968,,0.46,0.217,-0.33455,0.99516,69,0,,0.361,0.717
119,House,21730,21,8,IL,100,,,"KRISHNAMOORTHI, S. Raja",K000391,1973,,-0.342,-0.008,-4.2157,0.94235,71,2,,-0.608,0.252
119,House,21906,21,6,IL,100,,,"CASTEN, Sean",C001117,1971,,-0.646,0.438,-1.1426,0.98426,72,0,,-0.591,-0.53
119,House,21921,21,4,IL,100,,,"GARCÍA, Jesús",G000586,1956,,-0.425,-0.884,-7.88049,0.89633,72,2,,-0.287,-0.958
119,House,21979,21,14,IL,100,,,"UNDERWOOD, Lauren",U000040,1986,,-0.603,0.344,-1.06318,0.98534,72,0,,-0.591,-0.53
119,House,22138,21,15,IL,200,,,"MILLER, Mary E.",M001211,1959,,0.787,-0.155,-2.10675,0.97076,71,1,,0.708,-0.297
119,House,22304,21,13,IL,100,,,"BUDZINSKI, Nikki",B001315,1977,,-0.32,0.474,-8.11122,0.89346,72,2,,-0.23,0.005
119,House,22330,21,1,IL,100,,,"JACKSON, Jonathan",J000309,1966,,-0.358,-0.475,-8.4665,0.88608,70,3,,-0.235,-0.748
119,House,22360,21,3,IL,100,,,"RAMIREZ, Delia",R000617,1983,,-0.496,-0.868,-0.19936,0.99716,70,0,,-0.591,-0.53
119,House,22365,21,17,IL,100,,,"SORENSEN, Eric",S001225,1976,,-0.244,0.274,-4.96267,0.9334,72,1,,-0.204,0.017
119,House,29717,21,7,IL,100,,,"DAVIS, Danny K.",D000096,1941,,-0.487,-0.266,-0.35429,0.99509,72,0,,-0.591,-0.53
119,House,29911,21,9,IL,100,,,"SCHAKOWSKY, Janice D.",S001145,1944,,-0.602,-0.292,-0.14422,0.99791,69,0,,-0.591,-0.53
119,House,20757,22,7,IN,100,,,"CARSON, André",C001072,1974,,-0.435,0.031,-1.53359,0.97863,71,0,,-0.591,-0.53
119,House,21100,22,3,IN,200,,,"STUTZMAN, Marlin",S001188,1976,,0.731,-0.134,-6.80854,0.90977,72,3,,0.552,-0.078
119,House,21903,22,4,IN,200,,,"BAIRD, James",B001307,1945,,0.444,0.417,-0.15976,0.99775,71,0,,0.362,0.717
119,House,22142,22,1,IN,100,,,"MRVAN, Frank J.",M001214,1969,,-0.307,0.344,-4.61678,0.92824,62,2,,-0.209,-0.187
119,House,22151,22,5,IN,200,,,"SPARTZ, Victoria",S000929,1978,,0.486,-0.26,-15.38391,0.78925,65,5,,0.484,-0.484
119,House,22171,22,2,IN,200,,,"YAKYM, Rudy, III",Y000067,1984,,0.511,0.137,-1.35885,0.9813,72,1,,0.571,0.227
119,House,22326,22,9,IN,200,,,"HOUCHIN, Erin",H001093,1976,,0.624,0.213,-1.46196,0.97962,71,1,,0.362,0.713
119,House,22540,22,8,IN,200,,,"MESSMER, Mark B.",M001233,1962,,0.362,0.714,-0.0524,0.99927,72,0,,0.362,0.713
119,House,22552,22,6,IN,200,,,"SHREVE, Jefferson",S001229,1965,,0.362,0.714,-0.0524,0.99927,72,0,,0.362,0.713
119,House,22113,31,4,IA,200,,,"FEENSTRA, Randy",F000446,1969,,0.469,0.177,-0.4125,0.99429,72,0,,0.362,0.713
119,House,22124,31,2,IA,200,,,"HINSON, Ashley",H001091,1983,,0.348,0.352,-0.09766,0.99863,71,0,,0.361,0.713
119,House,22139,31,1,IA,200,,,"MILLER-MEEKS, Mariannette",M001215,1955,,0.336,0.194,-0.19894,0.9972,71,0,,0.361,0.713
119,House,22356,31,3,IA,200,,,"NUNN, Zach",N000193,1979,,0.292,0.198,-0.29629,0.99578,70,0,,0.359,0.722
119,House,21750,32,4,KS,200,,,"ESTES, Ron",E000298,1956,,0.646,0.104,-6.15345,0.91809,72,3,,0.721,0.012
119,House,21914,32,3,KS,100,,,"DAVIDS, Sharice",D000629,1980,,-0.269,0.25,-6.70744,0.91105,72,3,,-0.165,-0.135
119,House,22134,32,1,KS,200,,,"MANN, Tracey",M000871,1976,,0.607,0.069,-2.83719,0.96136,72,1,,0.804,0.595
119,House,22551,32,2,KS,200,,,"SCHMIDT, Derek",S001228,1968,,0.813,0.142,-4.60147,0.93809,72,2,,0.813,0.142
119,House,14854,51,5,KY,200,,,"ROGERS, Harold Dallas (Hal)",R000395,1937,,0.333,0.152,-0.24744,0.99657,72,0,,0.362,0.713
119,House,20916,51,2,KY,200,,,"GUTHRIE, Brett",G000558,1964,,0.428,0.269,-0.21139,0.99707,72,0,,0.362,0.713
119,House,21333,51,6,KY,200,,,"BARR, Garland H. (Andy) IV",B001282,1973,,0.486,0.3,-1.6531,0.97598,68,1,,0.568,0.216
119,House,21565,51,1,KY,200,,,"COMER, James",C001108,1972,,0.593,-0.061,-2.02054,0.97114,69,1,,0.571,0.227
119,House,22347,51,3,KY,100,,,"MCGARVEY, Morgan",M001220,1979,,-0.543,0.03,-0.57617,0.99203,72,0,,-0.591,-0.53
119,House,31102,51,4,KY,200,,,"MASSIE, Thomas",M001184,1971,,0.678,-0.735,-26.1137,0.69226,71,8,,0.529,-0.848
119,House,20759,45,1,LA,200,,,"SCALISE, Steve",S001176,1965,,0.558,0.17,-1.25135,0.98253,71,1,,0.564,0.147
119,House,21724,45,3,LA,200,,,"HIGGINS, Clay",H001077,1961,,0.622,-0.312,-3.27797,0.95488,71,1,,0.629,-0.344
119,House,21727,45,4,LA,200,,,"JOHNSON, Mike",J000299,1972,,0.565,0.02,-0.66257,0.98902,60,0,,0.417,0.769
119,House,22157,45,5,LA,200,,,"LETLOW, Julia",L000595,1981,,0.425,0.35,-3.66619,0.94825,69,1,,0.477,-0.119
119,House,22158,45,2,LA,100,,,"CARTER, Troy",C001125,1963,,-0.51,0.217,-2.93465,0.96006,72,1,,-0.344,-0.538
119,House,29354,45,6,LA,100,,,"FIELDS, Cleo",F000110,1962,,-0.457,0.075,-3.36147,0.95376,71,2,,-0.393,-0.023
119,House,20920,2,1,ME,100,,,"PINGREE, Chellie",P000597,1955,,-0.422,-0.367,-0.55703,0.99133,64,0,,-0.595,-0.511
119,House,21923,2,2,ME,100,,,"GOLDEN, Jared",G000592,1982,,-0.103,0.366,-13.47232,0.82935,72,5,,-0.236,0.961
119,House,14873,52,5,MD,100,,,"HOYER, Steny Hamilton",H000874,1939,,-0.381,0.122,-4.23792,0.93958,68,2,,-0.3,-0.237
119,House,15433,52,7,MD,100,,,"MFUME, Kweisi",M000687,1948,,-0.442,-0.331,-4.62569,0.93605,70,2,,-0.27,-0.615
119,House,21139,52,1,MD,200,,,"HARRIS, Andy",H001052,1957,,0.672,-0.374,-4.8653,0.93286,70,3,,0.647,-0.546
119,House,21741,52,8,MD,100,,,"RASKIN, Jamie Ben",R000606,1962,,-0.514,-0.235,-0.29871,0.99574,70,0,,-0.591,-0.53
119,House,22329,52,4,MD,100,,,"IVEY, Glenn",I000058,1961,,-0.458,-0.039,-4.41025,0.94058,72,2,,-0.271,-0.605
119,House,22512,52,3,MD,100,,,"ELFRETH, Sarah",E000301,1988,,-0.327,0.019,-6.02182,0.91977,72,2,,-0.327,0.018
119,House,22536,52,6,MD,100,,,"MCCLAIN DELANEY, April",M001232,1964,,-0.248,0.266,-4.22476,0.94061,69,0,,-0.244,0.256
119,House,22545,52,2,MD,100,,,"OLSZEWSKI, Johnny, Jr.",O000176,1982,,-0.302,-0.251,-3.57223,0.9516,72,1,,-0.302,-0.252
119,House,15616,3,1,MA,100,,,"NEAL, Richard Edmund",N000015,1949,,-0.417,-0.107,-2.12566,0.96682,63,1,,-0.344,-0.53
119,House,20119,3,8,MA,100,,,"LYNCH, Stephen F.",L000562,1955,,-0.345,0.05,-9.01825,0.87748,69,5,,-0.198,-0.158
119,House,21140,3,9,MA,100,,,"KEATING, William R.",K000375,1952,,-0.33,-0.099,-4.72542,0.93561,71,2,,-0.228,-0.516
119,House,21375,3,5,MA,100,,,"CLARK, Katherine M.",C001101,1963,,-0.485,-0.27,-0.3566,0.99506,72,0,,-0.591,-0.53
119,House,21525,3,6,MA,100,,,"MOULTON, Seth",M001196,1978,,-0.284,-0.04,-4.12622,0.94112,68,1,,-0.307,-0.651
119,House,21955,3,7,MA,100,,,"PRESSLEY, Ayanna",P000617,1974,,-0.349,-0.937,-0.72208,0.98974,70,0,,-0.591,-0.53
119,House,21977,3,3,MA,100,,,"TRAHAN, Lori",T000482,1973,,-0.425,-0.133,-3.90728,0.94718,72,1,,-0.317,-0.614
119,House,22100,3,4,MA,100,,,"AUCHINCLOSS, Jake",A000148,1988,,-0.304,-0.267,-4.74553,0.93535,71,2,,-0.321,-0.045
119,House,29729,3,2,MA,100,,,"McGOVERN, James P.",M000312,1959,,-0.538,-0.338,-0.17449,0.99758,72,0,,-0.591,-0.53
119,House,20725,23,5,MI,200,,,"WALBERG, Tim",W000798,1951,,0.499,0.159,-0.57158,0.99198,71,0,,0.361,0.713
119,House,21142,23,4,MI,200,,,"HUIZENGA, Bill",H001058,1969,,0.533,0.043,-1.12373,0.98407,70,0,,0.361,0.713
119,House,21526,23,2,MI,200,,,"MOOLENAAR, John",M001194,1961,,0.448,0.163,-0.36078,0.995,72,0,,0.362,0.713
119,House,21529,23,6,MI,100,,,"DINGELL, Debbie",D000624,1953,,-0.401,-0.188,-1.1404,0.98337,68,0,,-0.595,-0.513
119,House,21704,23,1,MI,200,,,"BERGMAN, John",B001301,1947,,0.432,0.081,-0.17367,0.99729,64,0,,0.417,0.768
119,House,21972,23,11,MI,100,,,"STEVENS, Haley",S001215,1983,,-0.398,0.277,-4.83544,0.93416,71,3,,-0.686,0.719
119,House,21975,23,12,MI,100,,,"TLAIB, Rashida",T000481,1976,,-0.29,-0.957,-1.37501,0.98108,72,0,,-0.591,-0.53
119,House,22136,23,9,MI,200,,,"MCCLAIN, Lisa C.",M001136,1966,,0.551,0.151,-0.92523,0.98629,67,0,,0.359,0.713
119,House,22332,23,10,MI,200,,,"JAMES, John",J000307,1981,,0.311,0.415,-0.09707,0.99863,71,0,,0.362,0.717
119,House,22363,23,3,MI,100,,,"SCHOLTEN, Hillary",S001221,1982,,-0.253,0.209,-5.22361,0.92907,71,2,,-0.207,0.108
119,House,22368,23,13,MI,100,,,"THANEDAR, Shri",T000488,1955,,-0.359,-0.025,-5.53177,0.92505,71,4,,-0.466,0.398
119,House,22501,23,7,MI,200,,,"BARRETT, Tom",B001321,1981,,0.475,-0.269,-4.77563,0.93582,72,3,,0.471,-0.276
119,House,22537,23,8,MI,100,,,"MCDONALD RIVET, Kristen",M001237,1970,,-0.25,0.332,-7.96708,0.89525,72,2,,-0.245,0.317
119,House,20122,33,4,MN,100,,,"McCOLLUM, Betty",M001143,1954,,-0.419,-0.185,-0.98096,0.98608,70,0,,-0.604,-0.548
119,House,21531,33,6,MN,200,,,"EMMER, Thomas Earl II",E000294,1961,,0.467,-0.072,-1.45186,0.98004,72,1,,0.571,0.227
119,House,21910,33,2,MN,100,,,"CRAIG, Angela",C001119,1972,,-0.26,0.582,-6.07875,0.91904,72,1,,-0.183,0.17
119,House,21950,33,5,MN,100,,,"OMAR, Ilhan",O000173,1982,,-0.296,-0.955,-3.69955,0.94852,70,1,,-0.295,-0.956
119,House,21969,33,8,MN,200,,,"STAUBER, Peter",S001212,1966,,0.384,-0.099,-3.67351,0.94958,71,2,,0.526,-0.173
119,House,22114,33,7,MN,200,,,"FISCHBACH, Michelle",F000470,1965,,0.538,-0.03,-2.02295,0.97229,72,1,,0.526,-0.173
119,House,22167,33,1,MN,200,,,"FINSTAD, Brad",F000475,1976,,0.548,-0.046,-1.95735,0.97318,72,1,,0.526,-0.173
119,House,22544,33,3,MN,100,,,"MORRISON, Kelly",M001234,1969,,-0.24,-0.524,-3.3414,0.95403,71,1,,-0.239,-0.528
119,House,21561,46,1,MS,200,,,"KELLY, Trent",K000388,1966,,0.638,0.294,-1.41858,0.98049,72,1,,0.571,0.227
119,House,21927,46,3,MS,200,,,"GUEST, Michael",G000591,1970,,0.53,0.124,-2.13867,0.97073,72,1,,0.479,-0.106
119,House,22319,46,4,MS,200,,,"EZELL, Mike",E000235,1959,,0.561,0.176,-2.53649,0.96538,72,2,,0.526,-0.173
119,House,29368,46,2,MS,100,,,"THOMPSON, Bennie",T000193,1948,,-0.519,0.39,-1.99611,0.97189,70,0,,-0.591,-0.53
119,House,20124,34,6,MO,200,,,"GRAVES, Samuel",G000546,1963,,0.448,0.164,-0.35279,0.99504,71,0,,0.362,0.713
119,House,20517,34,5,MO,100,,,"CLEAVER, Emanuel, II",C001061,1944,,-0.452,-0.001,-3.02115,0.95834,71,1,,-0.313,-0.721
119,House,21337,34,2,MO,200,,,"WAGNER, Ann",W000812,1962,,0.39,0.297,-0.14151,0.99801,71,0,,0.362,0.713
119,House,21373,34,8,MO,200,,,"SMITH, Jason",S001195,1980,,0.577,0.21,-0.96893,0.98606,69,0,,0.361,0.713
119,House,22300,34,4,MO,200,,,"ALFORD, Mark",A000379,1963,,0.585,0.042,-1.74948,0.97532,70,1,,0.362,0.713
119,House,22305,34,7,MO,200,,,"BURLISON, Eric",B001316,1976,,0.718,-0.517,-2.08341,0.97108,71,0,,0.908,-0.418
119,House,22504,34,1,MO,100,,,"BELL, Wesley",B001324,1974,,-0.641,0.767,-4.36443,0.94118,72,1,,-0.641,0.768
119,House,22546,34,3,MO,200,,,"ONDER, Robert F., Jr.",O000177,1962,,0.97,0.243,-4.14116,0.94006,67,2,,0.97,0.242
119,House,21532,64,1,MT,200,,,"ZINKE, Ryan",Z000018,1961,,0.441,-0.139,-2.50621,0.96532,71,2,,0.523,-0.208
119,House,22511,64,2,MT,200,,,"DOWNING, Troy",D000634,1967,,0.75,0.005,-1.87644,0.97428,72,0,,0.75,0.004
119,House,20729,35,3,NE,200,,,"SMITH, Adrian",S001172,1970,,0.511,0.252,-0.47345,0.99335,71,0,,0.362,0.713
119,House,21701,35,2,NE,200,,,"BACON, Donald J.",B001298,1963,,0.286,0.187,-6.35578,0.9132,70,1,,0.303,-0.115
119,House,22166,35,1,NE,200,,,"FLOOD, Mike",F000474,1975,,0.461,0.759,-0.09928,0.9986,71,0,,0.361,0.713
119,House,20927,65,1,NV,100,,,"TITUS, Alice (Dina)",T000468,1950,,-0.297,-0.165,-8.7308,0.88114,69,5,,-0.252,-0.011
119,House,21196,65,2,NV,200,,,"AMODEI, Mark E.",A000369,1958,,0.385,0.21,-0.07549,0.99887,67,0,,0.417,0.769
119,House,21339,65,4,NV,100,,,"HORSFORD, Steven",H001066,1973,,-0.324,0.149,-8.84708,0.88437,72,7,,-0.378,0.641
119,House,21938,65,3,NV,100,,,"LEE, Susie",L000590,1966,,-0.23,0.306,-4.77802,0.93492,71,1,,-0.182,0.169
119,House,21951,4,1,NH,100,,,"PAPPAS, Chris",P000614,1980,,-0.236,0.342,-4.84915,0.93487,72,1,,-0.183,0.17
119,House,22520,4,2,NH,100,,,"GOODLANDER, Maggie",G000604,1986,,-0.213,0.123,-5.02518,0.93259,72,2,,-0.207,0.108
119,House,14863,12,4,NJ,200,,,"SMITH, Christopher Henry",S000522,1953,,0.181,-0.173,-7.45237,0.90167,72,1,,0.362,0.713
119,House,15454,12,6,NJ,100,,,"PALLONE, Frank, Jr.",P000034,1951,,-0.402,-0.162,-7.78015,0.89758,72,2,,-0.641,0.768
119,House,21536,12,1,NJ,100,,,"NORCROSS, Donald",N000188,1958,,-0.419,0.34,-3.72546,0.93881,59,1,,-0.45,0.288
119,House,21538,12,12,NJ,100,,,"WATSON COLEMAN, Bonnie",W000822,1945,,-0.596,-0.224,-0.18217,0.99747,72,0,,-0.591,-0.53
119,House,21723,12,5,NJ,100,,,"GOTTHEIMER, Josh S.",G000583,1975,,-0.162,0.211,-8.73689,0.85555,56,3,,-0.236,0.325
119,House,21964,12,11,NJ,100,,,"SHERRILL, Mikie",S001207,1972,,-0.235,0.25,-3.89702,0.93038,54,1,,-0.273,0.107
119,House,22334,12,7,NJ,200,,,"KEAN, Thomas",K000398,1968,,0.196,0.376,-1.25967,0.98241,71,0,,0.361,0.713
119,House,22348,12,8,NJ,100,,,"MENENDEZ, Robert",M001226,1985,,-0.505,0.259,-3.25785,0.95576,72,2,,-0.685,0.718
119,House,22381,12,10,NJ,100,,,"MCIVER, LaMonica",M001229,1986,,-0.5,-0.209,-0.37076,0.99486,72,0,,-0.591,-0.53
119,House,22508,12,3,NJ,100,,,"CONAWAY, Herbert C., Jr.",C001136,1963,,-0.246,-0.442,-3.06708,0.95772,71,1,,-0.245,-0.446
119,House,22547,12,9,NJ,100,,,"POU, Nellie",P000621,1956,,-0.302,-0.251,-3.57223,0.9516,72,1,,-0.302,-0.252
119,House,91980,12,2,NJ,200,,,"VAN DREW, Jefferson",V000133,1953,,0.382,-0.441,-4.06548,0.94358,70,3,,0.267,0.017
119,House,22131,66,3,NM,100,,,"LEGER FERNANDEZ, Teresa",L000273,1959,,-0.352,-0.195,-1.90741,0.96651,56,1,,-0.273,-0.69
119,House,22159,66,1,NM,100,,,"STANSBURY, Melanie Ann",S001218,1979,,-0.442,-0.196,-2.77127,0.95948,67,1,,-0.313,-0.718
119,House,22371,66,2,NM,100,,,"VASQUEZ, Gabriel",V000136,1984,,-0.312,0.514,-10.65024,0.85503,68,6,,-0.36,0.606
119,House,20733,13,9,NY,100,,,"CLARKE, Yvette Diane",C001067,1964,,-0.607,-0.258,-0.15781,0.99772,69,0,,-0.591,-0.53
119,House,20934,13,20,NY,100,,,"TONKO, Paul",T000469,1949,,-0.416,-0.262,-0.82529,0.98844,71,0,,-0.591,-0.53
119,House,21342,13,6,NY,100,,,"MENG, Grace",M001188,1975,,-0.371,-0.208,-5.40392,0.92467,69,2,,-0.455,0.237
119,House,21343,13,8,NY,100,,,"JEFFRIES, Hakeem",J000294,1970,,-0.487,-0.065,-0.67015,0.99074,72,0,,-0.591,-0.53
119,House,21541,13,21,NY,200,,,"STEFANIK, Elise M",S001196,1984,,0.306,-0.115,-0.57515,0.98978,56,0,,0.414,0.755
119,House,21715,13,13,NY,100,,,"ESPAILLAT, Adriano J.",E000297,1954,,-0.536,-0.203,-2.38169,0.96746,72,1,,-0.608,0.252
119,House,21747,13,3,NY,100,,,"SUOZZI, Thomas",S001201,1962,,-0.218,0.129,-8.65139,0.88678,72,4,,-0.134,0.11
119,House,21749,13,24,NY,200,,,"TENNEY, Claudia",T000478,1961,,0.463,0.007,-1.4498,0.97979,71,1,,0.571,0.227
119,House,21761,13,25,NY,100,,,"MORELLE, Joseph D.",M001206,1957,,-0.326,0.147,-6.98215,0.90634,71,4,,-0.215,-0.194
119,House,21949,13,14,NY,100,,,"OCASIO-CORTEZ, Alexandria",O000172,1989,,-0.319,-0.948,-1.00554,0.98613,72,0,,-0.591,-0.53
119,House,22117,13,2,NY,200,,,"GARBARINO, Andrew R.",G000597,1984,,0.245,0.238,-0.59079,0.99147,69,0,,0.361,0.713
119,House,22133,13,11,NY,200,,,"MALLIOTAKIS, Nicole",M000317,1980,,0.339,-0.078,-0.73862,0.98979,72,0,,0.362,0.713
119,House,22154,13,15,NY,100,,,"TORRES, Ritchie",T000486,1988,,-0.309,-0.098,-11.90902,0.84148,69,7,,-0.388,0.636
119,House,22169,13,18,NY,100,,,"RYAN, Patrick",R000579,1982,,-0.24,0.264,-8.71734,0.88446,71,5,,-0.214,0.014
119,House,22324,13,10,NY,100,,,"GOLDMAN, Daniel",G000599,1976,,-0.428,0.137,-11.1706,0.85053,69,4,,-0.564,0.826
119,House,22337,13,1,NY,200,,,"LALOTA, Nicholas",L000598,1978,,0.254,0.095,-1.94036,0.97341,72,1,,0.267,0.017
119,House,22339,13,23,NY,200,,,"LANGWORTHY, Nick",L000600,1981,,0.419,-0.058,-1.65342,0.9773,72,1,,0.571,0.227
119,House,22340,13,17,NY,200,,,"LAWLER, Michael",L000599,1986,,0.189,0.251,-2.61802,0.96277,69,1,,0.266,0.02
119,House,22377,13,26,NY,100,,,"KENNEDY, Timothy M.",K000402,1976,,-0.345,0.207,-6.14326,0.91822,72,3,,-0.276,-0.143
119,House,22518,13,4,NY,100,,,"GILLEN, Laura",G000602,1969,,-0.142,0.121,-5.86489,0.92072,71,2,,-0.134,0.108
119,House,22531,13,16,NY,100,,,"LATIMER, George",L000606,1953,,-0.507,0.671,-5.54232,0.92591,72,2,,-0.507,0.671
119,House,22534,13,22,NY,100,,,"MANNION, John W.",M001231,1968,,-0.171,-0.129,-5.23462,0.92988,72,1,,-0.166,-0.137
119,House,22549,13,19,NY,100,,,"RILEY, Josh",R000622,1981,,-0.193,0.098,-3.98928,0.94047,65,1,,-0.188,0.086
119,House,29377,13,12,NY,100,,,"NADLER, Jerrold Lewis",N000002,1947,,-0.507,-0.479,-0.15441,0.99783,71,0,,-0.595,-0.513
119,House,29378,13,7,NY,100,,,"VELÁZQUEZ, Nydia M.",V000081,1953,,-0.546,-0.367,-0.15116,0.9979,72,0,,-0.591,-0.53
119,House,29776,13,5,NY,100,,,"MEEKS, Gregory W.",M001137,1953,,-0.416,-0.063,-2.4936,0.965,70,1,,-0.608,0.252
119,House,20521,47,5,NC,200,,,"FOXX, Virginia Ann",F000450,1943,,0.624,0.172,-3.5225,0.95023,69,3,,0.811,0.585
119,House,21346,47,9,NC,200,,,"HUDSON, Richard",H001067,1971,,0.523,0.211,-0.59689,0.99174,72,0,,0.362,0.713
119,House,21544,47,7,NC,200,,,"ROUZER, David",R000603,1972,,0.566,0.291,-0.69469,0.9904,72,0,,0.362,0.713
119,House,21545,47,12,NC,100,,,"ADAMS, Alma",A000370,1946,,-0.465,-0.005,-1.01398,0.98602,72,0,,-0.591,-0.53
119,House,21987,47,3,NC,200,,,"MURPHY, Gregory Francis",M001210,1963,,0.486,0.127,-0.55812,0.99194,69,0,,0.361,0.713
119,House,22149,47,2,NC,100,,,"ROSS, Deborah K.",R000305,1963,,-0.394,0.016,-3.36359,0.95436,72,2,,-0.271,-0.605
119,House,22314,47,1,NC,100,,,"DAVIS, Don",D000230,1971,,-0.255,0.879,-8.1257,0.89186,71,3,,-0.205,0.674
119,House,22318,47,11,NC,200,,,"EDWARDS, Chuck",E000246,1960,,0.382,0.476,-2.85965,0.96052,71,1,,0.575,0.235
119,House,22320,47,4,NC,100,,,"FOUSHEE, Valerie",F000477,1956,,-0.531,-0.254,-0.2408,0.99666,72,0,,-0.591,-0.53
119,House,22524,47,10,NC,200,,,"HARRIGAN, Pat",H001101,1987,,0.976,0.218,-3.14646,0.95724,72,2,,0.976,0.218
119,House,22525,47,8,NC,200,,,"HARRIS, Mark",H001102,1966,,0.983,0.181,-3.36097,0.95439,72,1,,0.984,0.181
119,House,22530,47,13,NC,200,,,"KNOTT, Brad",K000405,1986,,0.724,-0.159,-4.00308,0.94518,71,2,,0.723,-0.16
119,House,22538,47,6,NC,200,,,"MCDOWELL, Addison P.",M001240,1994,,0.579,-0.168,-2.58378,0.96426,71,2,,0.577,-0.172
119,House,22542,47,14,NC,200,,,"MOORE, Tim",M001236,1970,,0.571,0.228,-1.29919,0.98187,71,1,,0.571,0.227
119,House,22514,36,1,ND,200,,,"FEDORCHAK, Julie",F000482,1968,,0.482,-0.098,-1.98271,0.97246,71,1,,0.479,-0.106
119,House,22561,95,0,MP,200,,,"KING-HINDS, Kimberlyn",K000404,1975,,,,,,,,,0.0,0.0
119,House,15029,24,9,OH,100,,,"KAPTUR, Marcia Carolyn (Marcy)",K000009,1946,,-0.345,0.129,-18.57038,0.76985,71,8,,-0.146,-0.029
119,House,20342,24,10,OH,200,,,"TURNER, Michael R.",T000463,1960,,0.266,0.254,-7.39938,0.89831,69,2,,0.188,0.292
119,House,20738,24,4,OH,200,,,"JORDAN, Jim",J000289,1964,,0.715,-0.189,-3.16039,0.95523,69,1,,0.976,0.217
119,House,20755,24,5,OH,200,,,"LATTA, Robert E.",L000566,1956,,0.509,0.285,-0.42275,0.99415,72,0,,0.362,0.713
119,House,21352,24,3,OH,100,,,"BEATTY, Joyce",B001281,1950,,-0.437,0.011,-2.65392,0.96172,68,1,,-0.599,0.31
119,House,21353,24,14,OH,200,,,"JOYCE, David",J000295,1957,,0.251,0.316,-0.39702,0.99426,69,0,,0.361,0.713
119,House,21564,24,8,OH,200,,,"DAVIDSON, Warren",D000626,1970,,0.656,-0.357,-5.95809,0.91727,69,3,,0.724,-0.173
119,House,21759,24,12,OH,200,,,"BALDERSON, Troy",B001306,1962,,0.46,0.199,-1.66508,0.97682,71,1,,0.571,0.227
119,House,22161,24,11,OH,100,,,"BROWN, Shontel  M.",B001313,1975,,-0.452,-0.117,-0.82664,0.98858,72,0,,-0.591,-0.53
119,House,22162,24,15,OH,200,,,"CAREY, Mike",C001126,1971,,0.407,0.001,-0.50919,0.99285,71,0,,0.362,0.713
119,House,22338,24,1,OH,100,,,"LANDSMAN, Greg",L000601,1976,,-0.221,0.221,-6.84924,0.90804,71,3,,-0.288,0.497
119,House,22349,24,7,OH,200,,,"MILLER, Max",M001222,1988,,0.385,0.038,-3.03224,0.95819,71,1,,0.267,0.014
119,House,22367,24,13,OH,100,,,"SYKES, Emilia",S001223,1986,,-0.315,0.14,-7.14714,0.9055,72,5,,-0.253,0.232
119,House,22379,24,6,OH,200,,,"RULLI, Michael A.",R000619,1969,,0.407,-0.068,-0.68488,0.9904,71,0,,0.362,0.713
119,House,22555,24,2,OH,200,,,"TAYLOR, David J.",T000490,1969,,0.362,0.714,-0.0524,0.99927,72,0,,0.362,0.713
119,House,20344,53,4,OK,200,,,"COLE, Tom",C001053,1949,,0.323,0.412,-0.08671,0.99878,71,0,,0.361,0.713
119,House,21760,53,1,OK,200,,,"HERN, Kevin",H001082,1961,,0.681,-0.058,-3.27651,0.95427,70,2,,0.583,-0.127
119,House,22102,53,5,OK,200,,,"BICE, Stephanie I.",B000740,1973,,0.412,0.325,-0.15338,0.99784,71,0,,0.361,0.713
119,House,22303,53,2,OK,200,,,"BRECHEEN, Josh",B001317,1979,,0.855,-0.473,-1.46031,0.97906,69,1,,0.908,-0.418
119,House,29393,53,3,OK,200,,,"LUCAS, Frank D.",L000491,1960,,0.361,0.452,-0.07314,0.99897,71,0,,0.362,0.713
119,House,21198,72,1,OR,100,,,"BONAMICI, Suzanne",B001278,1954,,-0.398,-0.417,-0.69016,0.99046,72,0,,-0.591,-0.53
119,House,22101,72,2,OR,200,,,"BENTZ, Cliff",B000668,1952,,0.479,0.261,-0.3447,0.99522,72,0,,0.362,0.713
119,House,22327,72,4,OR,100,,,"HOYLE, Val",H001094,1964,,-0.219,-0.374,-7.0557,0.90665,72,4,,-0.183,-0.309
119,House,22361,72,6,OR,100,,,"SALINAS, Andrea",S001226,1969,,-0.211,-0.198,-6.53891,0.91318,72,2,,-0.248,-0.395
119,House,22507,72,5,OR,100,,,"BYNUM, Janelle S.",B001326,1975,,-0.228,0.127,-7.84441,0.8954,71,3,,-0.223,0.113
119,House,22510,72,3,OR,100,,,"DEXTER, Maxine",D000635,1972,,-0.591,-0.53,-0.09965,0.99862,72,0,,-0.591,-0.53
119,House,20946,14,15,PA,200,,,"THOMPSON, Glenn",T000467,1959,,0.335,0.334,-0.1071,0.99849,71,0,,0.362,0.713
119,House,21167,14,16,PA,200,,,"KELLY, Mike",K000376,1948,,0.377,0.396,-0.09364,0.9986,67,0,,0.361,0.713
119,House,21356,14,10,PA,200,,,"PERRY, Scott",P000605,1962,,0.681,-0.48,-2.78347,0.96208,72,2,,0.908,-0.418
119,House,21548,14,2,PA,100,,,"BOYLE, Brendan Francis",B001296,1977,,-0.383,0.154,-7.97159,0.89089,69,4,,-0.375,0.509
119,House,21566,14,3,PA,100,,,"EVANS, Dwight",E000296,1954,,-0.468,-0.156,-0.56551,0.99195,70,0,,-0.595,-0.513
119,House,21718,14,1,PA,200,,,"FITZPATRICK, Brian K.",F000466,1973,,0.139,-0.1,-12.53418,0.83389,69,4,,0.248,-0.398
119,House,21745,14,11,PA,200,,,"SMUCKER, Lloyd K.",S001199,1964,,0.453,0.133,-0.41587,0.99399,69,0,,0.361,0.713
119,House,21762,14,5,PA,100,,,"SCANLON, Mary Gay",S001205,1959,,-0.445,-0.217,-0.65722,0.99079,71,0,,-0.591,-0.53
119,House,21915,14,4,PA,100,,,"DEAN, Madeleine",D000631,1959,,-0.45,-0.069,-0.97453,0.98656,72,0,,-0.591,-0.53
119,House,21934,14,6,PA,100,,,"HOULAHAN, Christina",H001085,1967,,-0.257,0.237,-11.05702,0.84787,67,6,,-0.2,-0.098
119,House,21936,14,13,PA,200,,,"JOYCE, John",J000302,1957,,0.577,-0.015,-7.07026,0.90647,72,2,,0.867,0.498
119,House,21945,14,9,PA,200,,,"MEUSER, Dan",M001204,1964,,0.492,0.193,-0.4789,0.99328,71,0,,0.361,0.713
119,House,21956,14,14,PA,200,,,"RESCHENTHALER, Guy",R000610,1983,,0.444,0.056,-1.57591,0.97835,72,1,,0.571,0.227
119,House,22316,14,17,PA,100,,,"DELUZIO, Chris",D000530,1984,,-0.244,-0.146,-6.6472,0.91181,72,4,,-0.266,-0.246
119,House,22342,14,12,PA,100,,,"LEE, Summer",L000602,1987,,-0.414,-0.91,-0.36846,0.9949,72,0,,-0.591,-0.53
119,House,22506,14,8,PA,200,,,"BRESNAHAN, Robert P., Jr.",B001327,1990,,0.362,0.718,-0.05149,0.99928,71,0,,0.362,0.717
119,House,22533,14,7,PA,200,,,"MACKENZIE, Ryan",M001230,1982,,0.329,-0.329,-6.64203,0.91188,72,3,,0.326,-0.334
119,House,22560,92,0,PR,100,,,"HERNÁNDEZ, Pablo José",H001103,1991,,,,,,,,,0.0,0.0
119,House,22345,5,2,RI,100,,,"MAGAZINER, Seth",M001223,1983,,-0.328,0.185,-5.8327,0.92218,72,3,,-0.22,-0.264
119,House,22375,5,1,RI,100,,,"AMO, Gabe",A000380,1987,,-0.485,0.004,-3.86875,0.94769,72,2,,-0.397,-0.029
119,House,20138,48,2,SC,200,,,"WILSON, Addison Graves (Joe)",W000795,1947,,0.53,0.16,-2.77557,0.96,68,2,,0.526,-0.173
119,House,21753,48,5,SC,200,,,"NORMAN, Ralph",N000190,1953,,0.847,-0.383,-1.48272,0.97904,70,1,,0.908,-0.418
119,House,21974,48,4,SC,200,,,"TIMMONS, William",T000480,1984,,0.599,0.054,-3.40934,0.95375,72,2,,0.564,-0.306
119,House,22132,48,1,SC,200,,,"MACE, Nancy",M000194,1977,,0.338,-0.281,-1.94296,0.97338,72,0,,0.362,0.713
119,House,22322,48,7,SC,200,,,"FRY, Russell",F000478,1985,,0.53,-0.276,-5.47933,0.92573,71,3,,0.708,-0.297
119,House,22505,48,3,SC,200,,,"BIGGS, Sheri",B001325,1970,,0.956,0.014,-1.37346,0.9811,72,0,,0.955,0.013
119,House,39301,48,6,SC,100,,,"CLYBURN, James Enos",C000537,1940,,-0.466,0.246,-4.91679,0.93217,70,2,,-0.427,0.207
119,House,21935,37,1,SD,200,,,"JOHNSON, Dustin",J000301,1976,,0.465,0.139,-0.45323,0.99372,72,0,,0.362,0.713
119,House,20748,54,9,TN,100,,,"COHEN, Stephen",C001068,1949,,-0.391,-0.294,-5.36795,0.92816,72,3,,-0.3,-0.236
119,House,21178,54,3,TN,200,,,"FLEISCHMANN, Chuck",F000459,1962,,0.432,0.392,-0.15226,0.99789,72,0,,0.362,0.713
119,House,21179,54,4,TN,200,,,"DESJARLAIS, Scott",D000616,1964,,0.579,-0.051,-1.92064,0.97215,68,1,,0.528,-0.174
119,House,21731,54,8,TN,200,,,"KUSTOFF, David",K000392,1966,,0.543,0.343,-1.42524,0.98013,71,1,,0.571,0.227
119,House,21905,54,2,TN,200,,,"BURCHETT, Timothy",B001309,1964,,0.666,-0.426,-6.43826,0.91446,72,3,,0.692,-0.636
119,House,21926,54,7,TN,200,,,"GREEN, Mark",G000590,1964,,0.67,0.017,-2.82891,0.95983,69,2,,0.819,0.31
119,House,21959,54,6,TN,200,,,"ROSE, John",R000612,1965,,0.666,0.112,-2.36103,0.96486,66,1,,0.523,-0.181
119,House,22122,54,1,TN,200,,,"HARSHBARGER, Diana",H001086,1960,,0.677,-0.084,-2.08484,0.97024,69,0,,0.75,0.004
119,House,22357,54,5,TN,200,,,"OGLES, Andy",O000175,1971,,0.81,-0.356,-1.71116,0.97478,67,0,,0.908,-0.418
119,House,20356,49,31,TX,200,,,"CARTER, John R.",C001051,1941,,0.486,0.553,-2.04081,0.97205,72,1,,0.571,0.227
119,House,20529,49,9,TX,100,,,"GREEN, Al",G000553,1947,,-0.445,0.264,-2.67273,0.96254,70,0,,-0.591,-0.53
119,House,20530,49,10,TX,200,,,"McCAUL, Michael T.",M001157,1962,,0.411,0.172,-0.03764,0.99938,61,0,,0.467,0.674
119,House,20533,49,28,TX,100,,,"CUELLAR, Henry",C001063,1955,,-0.226,0.633,-16.73908,0.79256,72,9,,-0.196,0.981
119,House,21360,49,14,TX,200,,,"WEBER, Randy",W000814,1953,,0.723,0.021,-4.32716,0.94167,72,3,,0.571,0.227
119,House,21362,49,20,TX,100,,,"CASTRO, Joaquin",C001091,1974,,-0.398,-0.124,-2.66982,0.9636,72,1,,-0.313,-0.72
119,House,21364,49,25,TX,200,,,"WILLIAMS, Roger",W000816,1949,,0.595,0.054,-1.62632,0.97491,64,1,,0.361,0.713
119,House,21365,49,33,TX,100,,,"VEASEY, Marc",V000131,1971,,-0.407,0.35,-11.92487,0.84737,72,5,,-0.487,0.873
119,House,21551,49,36,TX,200,,,"BABIN, Brian",B001291,1948,,0.711,0.11,-2.55065,0.96519,72,1,,0.804,0.595
119,House,21700,49,19,TX,200,,,"ARRINGTON, Jodey Cook",A000375,1972,,0.644,-0.002,-3.10263,0.95603,69,3,,0.819,0.309
119,House,21722,49,34,TX,100,,,"GONZALEZ, Vicente Jr.",G000581,1967,,-0.384,0.834,-22.49204,0.71837,68,13,,-0.283,0.959
119,House,21758,49,27,TX,200,,,"CLOUD, Michael",C001115,1975,,0.687,-0.362,-3.61301,0.95039,71,2,,0.908,-0.418
119,House,21911,49,2,TX,200,,,"CRENSHAW, Daniel",C001120,1984,,0.434,0.275,-0.21815,0.99684,69,0,,0.361,0.713
119,House,21917,49,16,TX,100,,,"ESCOBAR, Veronica",E000299,1969,,-0.47,-0.276,-3.13202,0.95743,72,1,,-0.313,-0.72
119,House,21919,49,7,TX,100,,,"FLETCHER, Elizabeth",F000468,1975,,-0.502,0.865,-7.93099,0.8957,72,5,,-0.825,0.565
119,House,21922,49,29,TX,100,,,"GARCIA, Sylvia",G000587,1950,,-0.781,0.32,-0.47391,0.99325,70,0,,-0.595,-0.513
119,House,21925,49,5,TX,200,,,"GOODEN, Lance",G000589,1982,,0.723,-0.058,-4.09345,0.9424,69,2,,0.827,0.563
119,House,21961,49,21,TX,200,,,"ROY, Charles",R000614,1972,,0.8,-0.6,-0.95348,0.98666,71,0,,0.866,-0.501
119,House,22112,49,4,TX,200,,,"FALLON, Pat",F000246,1967,,0.715,0.112,-4.65096,0.93745,72,1,,0.671,-0.182
119,House,22119,49,23,TX,200,,,"GONZALES, Tony",G000594,1980,,0.341,0.232,-2.84516,0.95842,67,1,,0.571,0.227
119,House,22125,49,13,TX,200,,,"JACKSON, Ronny",J000304,1967,,0.779,0.149,-3.02326,0.95588,67,2,,0.924,0.381
119,House,22143,49,22,TX,200,,,"NEHLS, Troy E.",N000026,1968,,0.611,-0.247,-2.46406,0.96492,69,1,,0.65,-0.381
119,House,22147,49,11,TX,200,,,"PFLUGER, August",P000048,1977,,0.636,0.372,-1.04934,0.98553,72,0,,0.362,0.713
119,House,22155,49,24,TX,200,,,"VAN DUYNE, Beth",V000134,1970,,0.604,0.001,-2.96916,0.95904,71,2,,0.564,-0.306
119,House,22160,49,6,TX,200,,,"ELLZEY, Jake",E000071,1970,,0.515,0.698,-0.1766,0.99752,71,0,,0.361,0.713
119,House,22307,49,35,TX,100,,,"CASAR, Greg",C001131,1989,,-0.409,-0.872,-0.36811,0.9949,72,0,,-0.591,-0.53
119,House,22312,49,30,TX,100,,,"CROCKETT, Jasmine",C001130,1981,,-0.508,-0.204,-0.34856,0.9951,71,0,,-0.591,-0.53
119,House,22315,49,15,TX,200,,,"DE LA CRUZ, Monica",D000594,1974,,0.467,0.138,-1.53642,0.97733,67,1,,0.575,0.235
119,House,22328,49,38,TX,200,,,"HUNT, Wesley",H001095,1981,,0.595,-0.283,-1.23374,0.97931,59,0,,0.573,-0.409
119,House,22344,49,8,TX,200,,,"LUTTRELL, Morgan",L000603,1975,,0.605,-0.019,-1.97769,0.97253,71,1,,0.523,-0.208
119,House,22352,49,1,TX,200,,,"MORAN, Nathaniel",M001224,1974,,0.573,0.547,-1.5184,0.97913,72,1,,0.571,0.227
119,House,22364,49,3,TX,200,,,"SELF, Keith",S001224,1953,,0.837,-0.226,-2.59149,0.96465,72,2,,0.866,-0.501
119,House,22517,49,26,TX,200,,,"GILL, Brandon",G000603,1994,,0.953,0.303,-1.80368,0.97492,71,0,,0.953,0.303
119,House,22519,49,12,TX,200,,,"GOLDMAN, Craig A.",G000601,1968,,0.795,0.227,-3.09449,0.95793,72,1,,0.795,0.227
119,House,22528,49,32,TX,100,,,"JOHNSON, Julie",J000310,1966,,-0.44,0.686,-10.09337,0.8692,72,6,,-0.44,0.686
119,House,22557,49,18,TX,100,,,"TURNER, Sylvester",T000489,1954,,-0.746,0.666,-2.80447,0.93062,39,1,,-0.937,0.348
119,House,29571,49,37,TX,100,,,"DOGGETT, Lloyd Alton, II",D000399,1946,,-0.402,-0.33,-0.81179,0.98879,72,0,,-0.591,-0.53
119,House,29759,49,17,TX,200,,,"SESSIONS, Pete",S000250,1955,,0.585,0.17,-1.17282,0.98384,72,0,,0.362,0.713
119,House,22141,67,1,UT,200,,,"MOORE, Blake D.",M001213,1980,,0.365,0.322,-0.1129,0.99843,72,0,,0.362,0.713
119,House,22146,67,4,UT,200,,,"OWENS, Burgess",O000086,1951,,0.452,0.161,-2.65443,0.9633,71,1,,0.479,-0.106
119,House,22376,67,2,UT,200,,,"MALOY, Celeste",M001228,1981,,0.426,0.079,-2.59134,0.96416,71,1,,0.479,-0.107
119,House,22529,67,3,UT,200,,,"KENNEDY, Mike",K000403,1969,,0.724,-0.158,-4.00313,0.94592,72,2,,0.723,-0.16
119,House,22301,6,1,VT,100,,,"BALINT, Becca",B001318,1968,,-0.457,-0.473,-0.27832,0.99614,72,0,,-0.591,-0.53
119,House,21994,96,0,VI,100,,,"PLASKETT, Stacey E.",P000610,1966,,-0.451,0.507,,,,,,,
119,House,20756,40,1,VA,200,,,"WITTMAN, Robert J.",W000804,1959,,0.448,0.02,-2.25497,0.9683,70,1,,0.479,-0.108
119,House,20952,40,11,VA,100,,,"CONNOLLY, Gerald E. (Gerry)",C001078,1950,,-0.309,-0.047,-4.55048,0.93875,72,1,,-0.313,-0.72
119,House,21191,40,9,VA,200,,,"GRIFFITH, H. Morgan",G000568,1958,,0.513,-0.346,-3.13009,0.95746,72,1,,0.479,-0.106
119,House,21554,40,8,VA,100,,,"BEYER, Donald Sternoff Jr.",B001292,1950,,-0.393,-0.101,-1.68505,0.97687,72,0,,-0.591,-0.53
119,House,21908,40,6,VA,200,,,"CLINE, Benjamin",C001118,1972,,0.715,-0.206,-2.04548,0.9716,71,0,,0.708,-0.297
119,House,22335,40,2,VA,200,,,"KIGGANS, Jennifer",K000399,1971,,0.26,0.438,-0.24722,0.99652,71,0,,0.362,0.713
119,House,22374,40,4,VA,100,,,"MCCLELLAN, Jennifer",M001227,1972,,-0.558,0.049,-0.55608,0.99231,72,0,,-0.591,-0.53
119,House,22539,40,5,VA,200,,,"MCGUIRE, John J., III",M001239,1968,,0.671,-0.377,-3.97837,0.94624,72,2,,0.669,-0.383
119,House,22554,40,10,VA,100,,,"SUBRAMANYAM, Suhas",S001230,1986,,-0.305,0.319,-5.74862,0.92326,72,2,,-0.304,0.317
119,House,22558,40,7,VA,100,,,"VINDMAN, Eugene Simon",V000138,1975,,-0.149,-0.043,-7.36439,0.90014,70,3,,-0.142,-0.057
119,House,39307,40,3,VA,100,,,"SCOTT, Robert C.",S000185,1947,,-0.45,-0.003,-1.18335,0.98347,71,0,,-0.591,-0.53
119,House,20145,73,2,WA,100,,,"LARSEN, Richard Ray (Rick)",L000560,1965,,-0.365,0.165,-3.89745,0.94659,71,0,,-0.344,-0.538
119,House,21556,73,4,WA,200,,,"NEWHOUSE, Daniel Milton",N000189,1955,,0.318,0.328,-0.12274,0.9983,72,0,,0.362,0.713
119,House,21726,73,7,WA,100,,,"JAYAPAL, Pramila",J000298,1965,,-0.627,-0.543,-0.09261,0.99835,56,0,,-0.568,-0.516
119,House,21962,73,8,WA,100,,,"SCHRIER, Kim",S001216,1968,,-0.283,0.417,-5.28132,0.92927,72,1,,-0.249,0.226
119,House,22153,73,10,WA,100,,,"STRICKLAND, Marilyn",S001159,1962,,-0.456,0.388,-3.72896,0.94953,72,2,,-0.397,-0.029
119,House,22358,73,3,WA,100,,,"PEREZ, Marie Gluesenkamp",G000600,1988,,-0.088,0.319,-12.47022,0.83892,71,2,,-0.228,0.96
119,House,22502,73,5,WA,200,,,"BAUMGARTNER, Michael",B001322,1975,,0.361,0.714,-0.05221,0.99925,70,0,,0.361,0.713
119,House,22548,73,6,WA,100,,,"RANDALL, Emily",R000621,1985,,-0.597,-0.431,-0.06474,0.99909,71,0,,-0.597,-0.431
119,House,29768,73,9,WA,100,,,"SMITH, Adam",S000510,1965,,-0.29,-0.165,-4.34359,0.93983,70,2,,-0.595,-0.512
119,House,31101,73,1,WA,100,,,"DelBENE, Suzan K.",D000617,1962,,-0.293,-0.203,-3.32362,0.95489,72,1,,-0.344,-0.538
119,House,21946,56,1,WV,200,,,"MILLER, Carol",M001205,1950,,0.526,0.108,-6.96171,0.90403,69,2,,0.854,0.52
119,House,22543,56,2,WV,200,,,"MOORE, Riley M.",M001235,1980,,0.891,0.454,-2.96656,0.95908,71,2,,0.896,0.444
119,House,20537,25,4,WI,100,,,"MOORE, Gwendolynne S. (Gwen)",M001160,1951,,-0.521,-0.273,-0.19529,0.99721,70,0,,-0.592,-0.491
119,House,21370,25,2,WI,100,,,"POCAN, Mark",P000607,1964,,-0.526,-0.559,-0.12029,0.99833,72,0,,-0.591,-0.53
119,House,21559,25,6,WI,200,,,"GROTHMAN, Glenn",G000576,1955,,0.599,-0.205,-8.93322,0.88332,72,4,,0.715,0.005
119,House,21970,25,1,WI,200,,,"STEIL, Bryan",S001213,1981,,0.418,0.062,-2.61284,0.96436,72,1,,0.479,-0.106
119,House,21989,25,7,WI,200,,,"TIFFANY, Thomas P.",T000165,1957,,0.642,-0.243,-2.1693,0.96991,71,0,,0.75,0.004
119,House,22115,25,5,WI,200,,,"FITZGERALD, Scott",F000471,1963,,0.6,0.086,-1.32277,0.98154,71,0,,0.69,0.503
119,House,22370,25,3,WI,200,,,"VAN ORDEN, Derrick",V000135,1969,,0.377,-0.02,-0.51049,0.99252,68,0,,0.361,0.713
119,House,22383,25,8,WI,200,,,"WIED, Tony",W000829,1976,,0.395,-0.263,-2.09693,0.9713,72,1,,0.571,0.227
119,House,22325,68,1,WY,200,,,"HAGEMAN, Harriet",H001096,1962,,0.656,-0.375,-2.03698,0.97211,72,0,,0.708,-0.297
119,Senate,42102,41,0,AL,200,,,"TUBERVILLE, Thomas Hawley (Tommy)",T000278,1954,,0.936,-0.352,-3.08069,0.98486,202,0,,0.772,0.325
119,Senate,42300,41,0,AL,200,,,"BRITT, Katie Elizabeth",B001319,1982,,0.582,0.601,-2.18172,0.98971,211,1,,0.772,0.325
119,Senate,40300,81,0,AK,200,,,"MURKOWSKI, Lisa",M001153,1957,,0.207,-0.31,-22.23805,0.89814,207,5,,0.19,-0.154
119,Senate,41500,81,0,AK,200,,,"SULLIVAN, Daniel Scott",S001198,1964,,0.482,0.138,-36.10788,0.83993,207,9,,0.239,0.243
119,Senate,21502,61,0,AZ,100,,,"GALLEGO, Ruben",G000574,1979,,-0.374,0.151,-41.22679,0.81456,201,19,,-0.286,0.347
119,Senate,41905,61,0,AZ,100,,,"KELLY, Mark Edward",K000377,1964,,-0.244,0.269,-32.67011,0.85202,204,18,,-0.294,0.29
119,Senate,20101,42,0,AR,200,,,"BOOZMAN, John",B001236,1950,,0.427,0.338,-0.89665,0.99557,202,0,,0.449,0.25
119,Senate,21301,42,0,AR,200,,,"COTTON, Tom",C001095,1977,,0.582,0.187,-1.38968,0.99344,211,0,,0.585,0.074
119,Senate,20104,71,0,CA,100,,,"SCHIFF, Adam",S001150,1960,,-0.352,-0.12,-28.32123,0.87327,209,16,,-0.494,0.183
119,Senate,42104,71,0,CA,100,,,"PADILLA, Alejandro (Alex)",P000145,1973,,-0.39,-0.31,-16.17422,0.92156,198,8,,-0.433,-0.228
119,Senate,40910,62,0,CO,100,,,"BENNET, Michael F.",B001267,1964,,-0.233,-0.159,-24.492,0.8879,206,10,,-0.248,-0.141
119,Senate,42101,62,0,CO,100,,,"HICKENLOOPER, John Wright",H000273,1952,,-0.24,-0.01,-27.36797,0.87726,209,11,,-0.243,0.056
119,Senate,20707,1,0,CT,100,,,"MURPHY, Christopher",M001169,1973,,-0.28,-0.227,-39.48597,0.82785,209,23,,-0.503,-0.831
119,Senate,41101,1,0,CT,100,,,"BLUMENTHAL, Richard",B001277,1946,,-0.434,-0.147,-17.89946,0.91867,211,9,,-0.416,-0.054
119,Senate,21706,11,0,DE,100,,,"BLUNT ROCHESTER, Lisa",B001303,1962,,-0.372,-0.118,-20.51369,0.90736,211,9,,-0.398,-0.482
119,Senate,40916,11,0,DE,100,,,"COONS, Christopher A.",C001088,1963,,-0.236,-0.229,-27.33171,0.87403,203,7,,-0.255,-0.364
119,Senate,41102,43,0,FL,200,,,"RUBIO, Marco",R000595,1971,,0.616,-0.184,-0.00062,0.99991,7,0,,0.569,0.415
119,Senate,41903,43,0,FL,200,,,"SCOTT, Richard Lynn (Rick)",S001217,1952,,0.714,-0.01,-0.75748,0.9964,210,0,,0.772,0.325
119,Senate,42506,43,0,FL,200,,,"MOODY, Ashley Brooke",M001244,1975,,0.772,0.325,-0.45658,0.99776,204,0,,0.772,0.325
119,Senate,42103,44,0,GA,100,,,"OSSOFF, Thomas Jonathan (Jon)",O000174,1987,,-0.446,0.452,-20.27856,0.90403,201,6,,-0.48,0.633
119,Senate,42105,44,0,GA,100,,,"WARNOCK, Raphael Gamaliel",W000790,1969,,-0.423,0.383,-29.26352,0.86817,207,11,,-0.414,0.458
119,Senate,20713,82,0,HI,100,,,"HIRONO, Mazie",H001042,1947,,-0.515,-0.096,-8.98074,0.95814,210,1,,-0.712,-0.702
119,Senate,41112,82,0,HI,100,,,"SCHATZ, Brian Emanuel",S001194,1972,,-0.448,-0.094,-19.35071,0.91116,208,11,,-0.487,-0.194
119,Senate,29345,63,0,ID,200,,,"CRAPO, Michael Dean",C000880,1951,,0.504,0.293,-0.9827,0.99531,209,0,,0.449,0.25
119,Senate,40902,63,0,ID,200,,,"RISCH, James",R000584,1943,,0.55,0.389,-2.24835,0.9893,209,2,,0.772,0.325
119,Senate,15021,21,0,IL,100,,,"DURBIN, Richard Joseph",D000563,1944,,-0.347,-0.304,-32.24176,0.85447,205,17,,-0.298,-0.344
119,Senate,21325,21,0,IL,100,,,"DUCKWORTH, Tammy",D000622,1968,,-0.342,0.082,-29.59092,0.85578,190,20,,-0.394,-0.24
119,Senate,21133,22,0,IN,200,,,"YOUNG, Todd",Y000064,1972,,0.439,-0.027,-3.07551,0.98532,208,1,,0.584,0.546
119,Senate,21702,22,0,IN,200,,,"BANKS, James E.",B001299,1979,,0.646,0.013,-1.56373,0.99262,211,1,,0.585,0.074
119,Senate,14226,31,0,IA,200,,,"GRASSLEY, Charles Ernest",G000386,1933,,0.361,-0.036,-2.32377,0.98905,211,0,,0.45,0.25
119,Senate,41502,31,0,IA,200,,,"ERNST, Joni",E000295,1970,,0.539,-0.037,-2.07602,0.99021,211,1,,0.772,0.325
119,Senate,21734,32,0,KS,200,,,"MARSHALL, Roger Wayne",M001198,1960,,0.607,0.138,-1.35675,0.99353,209,1,,0.583,0.062
119,Senate,29722,32,0,KS,200,,,"MORAN, Jerry",M000934,1954,,0.414,0.22,-0.89474,0.99554,200,0,,0.449,0.249
119,Senate,14921,51,0,KY,200,,,"McCONNELL, Addison Mitchell (Mitch)",M000355,1942,,0.403,0.022,-21.91824,0.90089,210,6,,0.293,-0.001
119,Senate,41104,51,0,KY,200,,,"PAUL, Rand",P000603,1963,,0.891,-0.454,-40.01393,0.8211,203,15,,0.605,-0.797
119,Senate,20919,45,0,LA,200,,,"CASSIDY, Bill",C001075,1957,,0.464,-0.047,-2.85041,0.98626,206,1,,0.584,0.546
119,Senate,41703,45,0,LA,200,,,"KENNEDY, John Neely",K000393,1951,,0.557,-0.142,-2.02259,0.99041,210,1,,0.772,0.325
119,Senate,41300,2,0,ME,328,,,"KING, Angus Stanley, Jr.",K000383,1944,,-0.17,-0.198,-30.14037,0.8657,209,7,,-0.214,-0.269
119,Senate,49703,2,0,ME,200,,,"COLLINS, Susan Margaret",C001035,1952,,0.12,-0.516,-31.5119,0.86127,211,21,,0.177,-0.444
119,Senate,20330,52,0,MD,100,,,"VAN HOLLEN, Christopher",V000128,1959,,-0.396,-0.216,-18.50309,0.91527,209,9,,-0.459,-0.888
119,Senate,42500,52,0,MD,100,,,"ALSOBROOKS, Angela Deneece",A000382,1971,,-0.377,-0.253,-27.6522,0.87495,207,15,,-0.361,-0.27
119,Senate,14435,3,0,MA,100,,,"MARKEY, Edward John",M000133,1946,,-0.516,-0.468,-4.44151,0.97907,210,0,,-0.712,-0.702
119,Senate,41301,3,0,MA,100,,,"WARREN, Elizabeth",W000817,1949,,-0.743,-0.358,-5.74705,0.97313,211,2,,-0.608,-0.675
119,Senate,20923,23,0,MI,100,,,"PETERS, Gary C.",P000595,1958,,-0.246,-0.18,-41.22366,0.8154,202,24,,-0.24,-0.156
119,Senate,21965,23,0,MI,100,,,"SLOTKIN, Elissa",S001208,1976,,-0.336,0.733,-33.73302,0.8455,201,18,,-0.35,0.722
119,Senate,40700,33,0,MN,100,,,"KLOBUCHAR, Amy",K000367,1960,,-0.28,-0.336,-28.53721,0.87237,209,18,,-0.245,-0.204
119,Senate,41706,33,0,MN,100,,,"SMITH, Tina",S001203,1958,,-0.408,-0.067,-18.59396,0.91488,209,6,,-0.485,-0.238
119,Senate,29534,46,0,MS,200,,,"WICKER, Roger F.",W000437,1951,,0.377,0.341,-1.23073,0.99416,210,0,,0.45,0.25
119,Senate,41707,46,0,MS,200,,,"HYDE-SMITH, Cindy",H001079,1959,,0.452,0.327,-0.84442,0.99589,205,0,,0.45,0.25
119,Senate,41901,34,0,MO,200,,,"HAWLEY, Joshua David",H001089,1979,,0.824,-0.342,-57.16152,0.75141,200,18,,0.45,-0.757
119,Senate,42303,34,0,MO,200,,,"SCHMITT, Eric Stephen",S001227,1975,,0.931,0.018,-1.27596,0.99394,210,0,,0.772,0.325
119,Senate,21338,64,0,MT,200,,,"DAINES, Steve",D000618,1962,,0.592,-0.035,-6.08233,0.97104,207,1,,0.768,0.64
119,Senate,42503,64,0,MT,200,,,"SHEEHY, Timothy Patrick",S001232,1985,,0.77,0.638,-2.81267,0.98663,209,1,,0.768,0.64
119,Senate,41302,35,0,NE,200,,,"FISCHER, Debra (Deb)",F000463,1951,,0.462,0.328,-0.84799,0.99595,209,0,,0.45,0.25
119,Senate,42302,35,0,NE,200,,,"RICKETTS, John Peter (Pete)",R000618,1964,,0.435,0.529,-1.18162,0.99436,209,0,,0.45,0.25
119,Senate,21743,65,0,NV,100,,,"ROSEN, Jacklyn Sheryl",R000608,1957,,-0.285,0.312,-26.55096,0.88176,211,10,,-0.286,0.363
119,Senate,41700,65,0,NV,100,,,"CORTEZ MASTO, Catherine Marie",C001113,1964,,-0.353,0.32,-28.43357,0.87393,211,9,,-0.343,0.434
119,Senate,40906,4,0,NH,100,,,"SHAHEEN, Jeanne",S001181,1947,,-0.232,-0.123,-40.87191,0.82004,206,18,,-0.153,-0.148
119,Senate,41702,4,0,NH,100,,,"HASSAN, Margaret (Maggie)",H001076,1958,,-0.23,0.016,-25.41926,0.88496,208,9,,-0.192,-0.072
119,Senate,21937,12,0,NJ,100,,,"KIM, Andy",K000394,1982,,-0.382,0.197,-37.05592,0.83894,211,22,,-0.446,0.041
119,Senate,41308,12,0,NJ,100,,,"BOOKER, Cory Anthony",B001288,1969,,-0.556,-0.291,-28.29393,0.86684,198,13,,-0.443,-0.11
119,Senate,20930,66,0,NM,100,,,"HEINRICH, Martin",H001046,1971,,-0.333,-0.017,-29.06887,0.87073,210,16,,-0.392,0.169
119,Senate,20932,66,0,NM,100,,,"LUJÁN, Ben Ray",L000570,1972,,-0.374,0.021,-27.5308,0.87768,211,13,,-0.459,0.273
119,Senate,14858,13,0,NY,100,,,"SCHUMER, Charles Ellis (Chuck)",S000148,1950,,-0.354,-0.417,-20.61082,0.90652,210,8,,-0.402,-0.269
119,Senate,20735,13,0,NY,100,,,"GILLIBRAND, Kirsten",G000555,1966,,-0.451,-0.38,-44.93378,0.80737,210,24,,-0.35,-0.179
119,Senate,21708,47,0,NC,200,,,"BUDD, Theodore Paul",B001305,1971,,0.633,-0.075,-4.27033,0.97996,211,2,,0.612,-0.155
119,Senate,41504,47,0,NC,200,,,"TILLIS, Thomas Roland (Thom)",T000476,1960,,0.388,-0.104,-2.31317,0.98872,204,0,,0.449,0.25
119,Senate,21350,36,0,ND,200,,,"CRAMER, Kevin",C001096,1961,,0.397,0.372,-1.09454,0.99449,198,0,,0.449,0.25
119,Senate,41107,36,0,ND,200,,,"HOEVEN, John",H001061,1957,,0.399,0.453,-1.23345,0.99409,208,0,,0.449,0.25
119,Senate,42304,24,0,OH,200,,,"VANCE, James David",V000137,1984,,0.85,-0.527,-0.0,1.0,1,0,,0.0,0.0
119,Senate,42502,24,0,OH,200,,,"MORENO, Bernardo (Bernie)",M001242,1967,,0.772,0.325,-0.45662,0.99784,211,0,,0.772,0.325
119,Senate,42505,24,0,OH,200,,,"HUSTED, Jon Allen",H001104,1967,,0.772,0.325,-0.45658,0.99776,204,0,,0.772,0.325
119,Senate,21166,53,0,OK,200,,,"LANKFORD, James",L000575,1968,,0.591,0.148,-2.27772,0.98921,210,2,,0.45,0.25
119,Senate,21355,53,0,OK,200,,,"MULLIN, Markwayne",M001190,1977,,0.534,0.248,-1.24935,0.99365,196,0,,0.45,0.25
119,Senate,14871,72,0,OR,100,,,"WYDEN, Ronald Lee",W000779,1949,,-0.332,-0.486,-14.89184,0.92859,201,5,,-0.408,-0.474
119,Senate,40908,72,0,OR,100,,,"MERKLEY, Jeff",M001176,1956,,-0.453,-0.737,-5.67159,0.97297,207,1,,-0.713,-0.702
119,Senate,42301,14,0,PA,100,,,"FETTERMAN, John Karl",F000479,1969,,-0.193,-0.027,-40.53335,0.80229,184,18,,-0.156,0.029
119,Senate,42501,14,0,PA,200,,,"MCCORMICK, David Harold",M001243,1965,,0.584,0.545,-1.6221,0.99208,204,0,,0.584,0.545
119,Senate,29142,5,0,RI,100,,,"REED, John F. (Jack)",R000122,1949,,-0.364,-0.169,-45.38442,0.80647,211,18,,-0.3,-0.241
119,Senate,40704,5,0,RI,100,,,"WHITEHOUSE, Sheldon",W000802,1955,,-0.354,-0.094,-26.53524,0.8813,210,8,,-0.313,-0.283
119,Senate,21173,48,0,SC,200,,,"SCOTT, Tim",S001184,1965,,0.631,0.012,-3.76069,0.98233,211,2,,0.45,0.25
119,Senate,29566,48,0,SC,200,,,"GRAHAM, Lindsey O.",G000359,1955,,0.367,-0.28,-5.38524,0.97407,205,0,,0.449,0.25
119,Senate,29754,37,0,SD,200,,,"THUNE, John",T000250,1961,,0.433,0.226,-0.83546,0.99603,210,0,,0.45,0.25
119,Senate,41505,37,0,SD,200,,,"ROUNDS, Marion Michael (Mike)",R000605,1954,,0.352,0.079,-1.84151,0.99127,210,0,,0.45,0.25
119,Senate,20351,54,0,TN,200,,,"BLACKBURN, Marsha",B001243,1952,,0.632,0.14,-1.44827,0.99303,207,1,,0.585,0.074
119,Senate,42100,54,0,TN,200,,,"HAGERTY, William Francis (Bill)",H000601,1959,,0.679,-0.089,-0.99345,0.99521,207,0,,0.772,0.325
119,Senate,40305,49,0,TX,200,,,"CORNYN, John",C001056,1952,,0.47,-0.065,-2.31445,0.98909,211,1,,0.585,0.074
119,Senate,41304,49,0,TX,200,,,"CRUZ, Rafael Edward (Ted)",C001098,1970,,0.782,-0.188,-1.30514,0.9935,200,0,,0.772,0.325
119,Senate,21755,67,0,UT,200,,,"CURTIS, John R.",C001114,1960,,0.448,0.119,-16.8876,0.92273,210,5,,1.0,-0.03
119,Senate,41110,67,0,UT,200,,,"LEE, Mike",L000577,1971,,0.891,-0.454,-8.52296,0.96041,211,3,,1.0,-0.03
119,Senate,20750,6,0,VT,100,,,"WELCH, Peter",W000800,1947,,-0.41,-0.383,-23.3517,0.89283,206,11,,-0.363,-0.518
119,Senate,29147,6,0,VT,328,,,"SANDERS, Bernard",S000033,1941,,-0.543,-0.419,-10.1551,0.94602,183,4,,-0.593,-0.35
119,Senate,40909,40,0,VA,100,,,"WARNER, Mark",W000805,1954,,-0.208,-0.046,-23.79415,0.89092,206,7,,-0.229,0.047
119,Senate,41305,40,0,VA,100,,,"KAINE, Timothy Michael (Tim)",K000384,1958,,-0.247,-0.079,-34.91334,0.84616,209,17,,-0.224,-0.25
119,Senate,39310,73,0,WA,100,,,"CANTWELL, Maria E.",C000127,1958,,-0.306,-0.402,-22.04877,0.90078,211,8,,-0.347,-0.15
119,Senate,49308,73,0,WA,100,,,"MURRAY, Patty",M001111,1950,,-0.354,-0.308,-13.81104,0.92369,174,3,,-0.49,-0.251
119,Senate,20146,56,0,WV,200,,,"CAPITO, Shelley Moore",C001047,1953,,0.282,0.144,-3.96026,0.98114,208,0,,0.45,0.25
119,Senate,42504,56,0,WV,200,,,"JUSTICE, James Conley, II",J000312,1951,,0.781,0.325,-0.40695,0.99795,198,0,,0.781,0.325
119,Senate,29940,25,0,WI,100,,,"BALDWIN, Tammy",B001230,1962,,-0.489,-0.133,-24.3544,0.89,209,15,,-0.376,-0.079
119,Senate,41111,25,0,WI,200,,,"JOHNSON, Ron",J000293,1955,,0.64,-0.14,-1.28271,0.99391,210,0,,0.772,0.325
119,Senate,20953,68,0,WY,200,,,"LUMMIS, Cynthia M.",L000571,1954,,0.685,-0.33,-1.888,0.99036,195,0,,0.775,0.317
119,Senate,40707,68,0,WY,200,,,"BARRASSO, John A.",B001261,1952,,0.538,0.198,-1.8814,0.991,208,1,,0.584,0.546
